Episode_Return,env_step,Episode_Return_smooth
14.0,14,14.0
14.0,28,14.0
14.0,42,14.0
37.0,79,19.75
17.0,96,19.2
25.0,121,20.166666666666668
36.0,157,22.428571428571427
21.0,178,22.25
22.0,200,22.22222222222222
17.0,217,21.7
39.0,256,24.2
32.0,288,26.0
14.0,302,26.0
11.0,313,23.4
17.0,330,23.4
12.0,342,22.1
12.0,354,19.7
19.0,373,19.5
29.0,402,20.2
24.0,426,20.9
19.0,445,18.9
17.0,462,17.4
50.0,512,21.0
16.0,528,21.5
17.0,545,21.5
43.0,588,24.6
18.0,606,25.2
14.0,620,24.7
15.0,635,23.3
16.0,651,22.5
20.0,671,22.6
41.0,712,25.0
34.0,746,23.4
30.0,776,24.8
25.0,801,25.6
43.0,844,25.6
32.0,876,27.0
24.0,900,28.0
30.0,930,29.5
18.0,948,29.7
39.0,987,31.6
56.0,1043,33.1
21.0,1064,31.8
21.0,1085,30.9
23.0,1108,30.7
75.0,1183,33.9
13.0,1196,32.0
26.0,1222,32.2
42.0,1264,33.4
25.0,1289,34.1
10.0,1299,31.2
40.0,1339,29.6
48.0,1387,32.3
62.0,1449,36.4
35.0,1484,37.6
12.0,1496,31.3
14.0,1510,31.4
30.0,1540,31.8
35.0,1575,31.1
27.0,1602,31.3
62.0,1664,36.5
45.0,1709,37.0
95.0,1804,41.7
76.0,1880,43.1
46.0,1926,44.2
13.0,1939,44.3
12.0,1951,44.1
37.0,1988,44.8
33.0,2021,44.6
28.0,2049,44.7
56.0,2105,44.1
18.0,2123,41.4
69.0,2192,38.8
60.0,2252,37.2
105.0,2357,43.1
20.0,2377,43.8
13.0,2390,43.9
45.0,2435,44.7
42.0,2477,45.6
48.0,2525,47.6
14.0,2539,43.4
47.0,2586,46.3
32.0,2618,42.6
89.0,2707,45.5
34.0,2741,38.4
30.0,2771,39.4
13.0,2784,39.4
60.0,2844,40.9
106.0,2950,47.3
113.0,3063,53.8
40.0,3103,56.4
34.0,3137,55.1
79.0,3216,59.8
178.0,3394,68.7
90.0,3484,74.3
44.0,3528,75.7
85.0,3613,82.9
115.0,3728,88.4
242.0,3970,102.0
18.0,3988,92.5
52.0,4040,93.7
94.0,4134,99.7
16.0,4150,93.4
209.0,4359,96.5
86.0,4445,96.1
205.0,4650,112.2
228.0,4878,126.5
140.0,5018,129.0
121.0,5139,116.9
122.0,5261,127.3
19.0,5280,124.0
132.0,5412,127.8
180.0,5592,144.2
41.0,5633,127.4
45.0,5678,123.3
128.0,5806,115.6
173.0,5979,110.1
133.0,6112,109.4
72.0,6184,104.5
168.0,6352,109.1
44.0,6396,111.6
50.0,6446,103.4
183.0,6629,103.7
108.0,6737,110.4
142.0,6879,120.1
138.0,7017,121.1
207.0,7224,124.5
46.0,7270,115.8
175.0,7445,126.1
87.0,7532,118.0
76.0,7608,121.2
196.0,7804,135.8
127.0,7931,130.2
184.0,8115,137.8
181.0,8296,141.7
86.0,8382,136.5
139.0,8521,129.7
55.0,8576,130.6
216.0,8792,134.7
280.0,9072,154.0
241.0,9313,170.5
238.0,9551,174.7
64.0,9615,168.4
12.0,9627,151.2
20.0,9647,135.1
151.0,9798,141.6
137.0,9935,141.4
55.0,9990,141.4
43.0,10033,124.1
160.0,10193,112.1
142.0,10335,102.2
38.0,10373,82.2
105.0,10478,86.3
187.0,10665,103.8
112.0,10777,113.0
136.0,10913,111.5
180.0,11093,115.8
205.0,11298,130.8
177.0,11475,144.2
228.0,11703,151.0
174.0,11877,154.2
218.0,12095,172.2
155.0,12250,177.2
212.0,12462,179.7
166.0,12628,185.1
172.0,12800,188.7
43.0,12843,175.0
215.0,13058,176.0
142.0,13200,172.5
38.0,13238,153.5
147.0,13385,150.8
84.0,13469,137.4
116.0,13585,133.5
31.0,13616,115.4
187.0,13803,117.5
75.0,13878,107.8
143.0,14021,117.8
235.0,14256,119.8
198.0,14454,125.4
153.0,14607,136.9
116.0,14723,133.8
52.0,14775,130.6
77.0,14852,126.7
169.0,15021,140.5
257.0,15278,147.5
181.0,15459,158.1
69.0,15528,150.7
134.0,15662,140.6
150.0,15812,135.8
154.0,15966,135.9
225.0,16191,146.8
153.0,16344,156.9
203.0,16547,169.5
86.0,16633,161.2
87.0,16720,144.2
240.0,16960,150.1
266.0,17226,169.8
189.0,17415,175.3
358.0,17773,196.1
318.0,18091,212.5
55.0,18146,195.5
121.0,18267,192.3
137.0,18404,185.7
346.0,18750,211.7
36.0,18786,206.6
447.0,19233,227.3
490.0,19723,249.7
418.0,20141,272.6
392.0,20533,276.0
47.0,20580,248.9
130.0,20710,256.4
500.0,21210,294.3
323.0,21533,312.9
36.0,21569,281.9
56.0,21625,283.9
279.0,21904,267.1
198.0,22102,237.9
117.0,22219,207.8
82.0,22301,176.8
46.0,22347,176.7
85.0,22432,172.2
284.0,22716,150.6
249.0,22965,143.2
444.0,23409,184.0
371.0,23780,215.5
80.0,23860,195.6
500.0,24360,225.8
335.0,24695,247.6
27.0,24722,242.1
500.0,25222,287.5
500.0,25722,329.0
500.0,26222,350.6
352.0,26574,360.9
297.0,26871,346.2
500.0,27371,359.1
500.0,27871,401.1
500.0,28371,401.1
246.0,28617,392.2
198.0,28815,409.3
125.0,28940,371.8
239.0,29179,345.7
352.0,29531,330.9
248.0,29779,320.5
340.0,30119,324.8
353.0,30472,310.1
457.0,30929,305.8
358.0,31287,291.6
140.0,31427,281.0
128.0,31555,274.0
500.0,32055,311.5
133.0,32188,300.9
321.0,32509,297.8
96.0,32605,282.6
158.0,32763,264.4
259.0,33022,255.0
100.0,33122,219.3
13.0,33135,184.8
442.0,33577,215.0
17.0,33594,203.9
203.0,33797,174.2
58.0,33855,166.7
66.0,33921,141.2
412.0,34333,172.8
124.0,34457,169.4
40.0,34497,147.5
141.0,34638,151.6
35.0,34673,153.8
107.0,34780,120.3
289.0,35069,147.5
337.0,35406,160.9
343.0,35749,189.4
235.0,35984,206.3
216.0,36200,186.7
191.0,36391,193.4
44.0,36435,193.8
197.0,36632,199.4
33.0,36665,199.2
92.0,36757,197.7
179.0,36936,186.7
192.0,37128,172.2
119.0,37247,149.8
75.0,37322,133.8
156.0,37478,127.8
360.0,37838,144.7
159.0,37997,156.2
199.0,38196,156.4
34.0,38230,156.5
165.0,38395,163.8
251.0,38646,171.0
144.0,38790,166.2
118.0,38908,166.1
412.0,39320,199.8
446.0,39766,228.8
500.0,40266,242.8
111.0,40377,238.0
242.0,40619,242.3
395.0,41014,278.4
458.0,41472,307.7
500.0,41972,332.6
336.0,42308,351.8
321.0,42629,372.1
371.0,43000,368.0
381.0,43381,361.5
225.0,43606,334.0
421.0,44027,365.0
500.0,44527,390.8
500.0,45027,401.3
211.0,45238,376.6
337.0,45575,360.3
244.0,45819,351.1
33.0,45852,322.3
129.0,45981,298.1
135.0,46116,273.5
419.0,46535,292.9
500.0,47035,300.8
399.0,47434,290.7
18.0,47452,242.5
267.0,47719,248.1
223.0,47942,236.7
500.0,48442,262.3
354.0,48796,294.4
329.0,49125,314.4
500.0,49625,350.9
500.0,50125,359.0
500.0,50625,359.0
500.0,51125,369.1
500.0,51625,417.3
500.0,52125,440.6
500.0,52625,468.3
500.0,53125,468.3
14.0,53139,434.3
88.0,53227,410.2
500.0,53727,410.2
500.0,54227,410.2
500.0,54727,410.2
500.0,55227,410.2
500.0,55727,410.2
500.0,56227,410.2
500.0,56727,410.2
268.0,56995,387.0
482.0,57477,433.8
500.0,57977,475.0
500.0,58477,475.0
500.0,58977,475.0
192.0,59169,444.2
78.0,59247,402.0
46.0,59293,356.6
206.0,59499,327.2
500.0,59999,327.2
500.0,60499,350.4
500.0,60999,352.2
500.0,61499,352.2
500.0,61999,352.2
385.0,62384,340.7
500.0,62884,371.5
58.0,62942,369.5
58.0,63000,370.7
47.0,63047,354.8
39.0,63086,308.7
14.0,63100,260.1
9.0,63109,211.0
23.0,63132,163.3
11.0,63143,114.4
19.0,63162,77.8
18.0,63180,29.6
18.0,63198,25.6
417.0,63615,61.5
470.0,64085,103.8
500.0,64585,149.9
143.0,64728,162.8
500.0,65228,211.9
77.0,65305,217.3
161.0,65466,232.3
284.0,65750,258.8
151.0,65901,272.1
149.0,66050,285.2
150.0,66200,258.5
158.0,66358,227.3
192.0,66550,196.5
116.0,66666,193.8
208.0,66874,164.6
159.0,67033,172.8
204.0,67237,177.1
130.0,67367,161.7
190.0,67557,165.6
500.0,68057,200.7
146.0,68203,200.3
500.0,68703,234.5
500.0,69203,265.3
500.0,69703,303.7
256.0,69959,308.5
500.0,70459,342.6
96.0,70555,331.8
17.0,70572,320.5
209.0,70781,322.4
12.0,70793,273.6
12.0,70805,260.2
500.0,71305,260.2
208.0,71513,231.0
500.0,72013,231.0
500.0,72513,255.4
500.0,73013,255.4
500.0,73513,295.8
500.0,74013,344.1
500.0,74513,373.2
429.0,74942,414.9
10.0,74952,414.7
10.0,74962,365.7
11.0,74973,346.0
9.0,74982,296.9
10.0,74992,247.9
12.0,75004,199.1
10.0,75014,150.1
8.0,75022,100.9
10.0,75032,51.9
9.0,75041,9.9
14.0,75055,10.3
10.0,75065,10.3
12.0,75077,10.4
11.0,75088,10.6
10.0,75098,10.6
11.0,75109,10.5
9.0,75118,10.4
9.0,75127,10.5
8.0,75135,10.3
10.0,75145,10.4
10.0,75155,10.0
14.0,75169,10.4
11.0,75180,10.3
9.0,75189,10.1
9.0,75198,10.0
8.0,75206,9.7
10.0,75216,9.8
14.0,75230,10.3
11.0,75241,10.6
11.0,75252,10.7
9.0,75261,10.6
11.0,75272,10.3
11.0,75283,10.3
11.0,75294,10.5
11.0,75305,10.7
14.0,75319,11.3
17.0,75336,12.0
77.0,75413,18.3
30.0,75443,20.2
18.0,75461,20.9
13.0,75474,21.3
17.0,75491,21.9
14.0,75505,22.2
19.0,75524,23.0
12.0,75536,23.1
15.0,75551,23.2
14.0,75565,22.9
20.0,75585,17.2
16.0,75601,15.8
22.0,75623,16.2
25.0,75648,17.4
39.0,75687,19.6
51.0,75738,23.3
331.0,76069,54.5
248.0,76317,78.1
168.0,76485,93.4
307.0,76792,122.7
306.0,77098,151.3
500.0,77598,199.7
500.0,78098,247.5
500.0,78598,295.0
500.0,79098,341.1
500.0,79598,386.0
500.0,80098,402.9
500.0,80598,428.1
500.0,81098,461.3
500.0,81598,480.6
500.0,82098,500.0
500.0,82598,500.0
500.0,83098,500.0
329.0,83427,482.9
53.0,83480,438.2
47.0,83527,392.9
61.0,83588,349.0
49.0,83637,303.9
48.0,83685,258.7
28.0,83713,211.5
61.0,83774,167.6
500.0,84274,167.6
500.0,84774,167.6
500.0,85274,184.7
500.0,85774,229.4
500.0,86274,274.7
500.0,86774,318.6
500.0,87274,363.7
500.0,87774,408.9
500.0,88274,456.1
500.0,88774,500.0
500.0,89274,500.0
268.0,89542,476.8
231.0,89773,449.9
199.0,89972,419.8
149.0,90121,384.7
140.0,90261,348.7
134.0,90395,312.1
152.0,90547,277.3
142.0,90689,241.5
119.0,90808,203.4
139.0,90947,167.3
141.0,91088,154.6
153.0,91241,146.8
173.0,91414,144.2
188.0,91602,148.1
134.0,91736,147.5
9.0,91745,135.0
10.0,91755,120.8
10.0,91765,107.6
10.0,91775,96.7
10.0,91785,83.8
12.0,91797,70.9
8.0,91805,56.4
11.0,91816,40.2
10.0,91826,22.4
10.0,91836,10.0
10.0,91846,10.1
9.0,91855,10.0
9.0,91864,9.9
10.0,91874,9.9
10.0,91884,9.9
10.0,91894,9.7
10.0,91904,9.9
11.0,91915,9.9
10.0,91925,9.9
9.0,91934,9.8
10.0,91944,9.8
10.0,91954,9.9
10.0,91964,10.0
10.0,91974,10.0
10.0,91984,10.0
9.0,91993,9.9
8.0,92001,9.7
9.0,92010,9.5
9.0,92019,9.4
8.0,92027,9.3
8.0,92035,9.1
11.0,92046,9.2
8.0,92054,9.0
10.0,92064,9.0
8.0,92072,8.8
10.0,92082,8.9
9.0,92091,9.0
10.0,92101,9.1
10.0,92111,9.2
38.0,92149,12.2
10.0,92159,12.4
9.0,92168,12.2
9.0,92177,12.3
10.0,92187,12.3
11.0,92198,12.6
10.0,92208,12.6
10.0,92218,12.7
10.0,92228,12.7
9.0,92237,12.6
11.0,92248,9.9
10.0,92258,9.9
10.0,92268,10.0
12.0,92280,10.3
10.0,92290,10.3
9.0,92299,10.1
10.0,92309,10.1
9.0,92318,10.0
11.0,92329,10.1
8.0,92337,10.0
10.0,92347,9.9
9.0,92356,9.8
10.0,92366,9.8
11.0,92377,9.7
10.0,92387,9.7
10.0,92397,9.8
9.0,92406,9.7
9.0,92415,9.7
9.0,92424,9.5
10.0,92434,9.7
9.0,92443,9.6
10.0,92453,9.7
10.0,92463,9.7
11.0,92474,9.7
16.0,92490,10.3
12.0,92502,10.5
13.0,92515,10.9
13.0,92528,11.3
16.0,92544,12.0
16.0,92560,12.6
14.0,92574,13.1
15.0,92589,13.6
18.0,92607,14.4
17.0,92624,15.0
20.0,92644,15.4
20.0,92664,16.2
22.0,92686,17.1
29.0,92715,18.7
30.0,92745,20.1
31.0,92776,21.6
37.0,92813,23.9
62.0,92875,28.6
54.0,92929,32.2
55.0,92984,36.0
58.0,93042,39.8
60.0,93102,43.8
56.0,93158,47.2
55.0,93213,49.8
74.0,93287,54.2
77.0,93364,58.8
102.0,93466,65.3
83.0,93549,67.4
87.0,93636,70.7
83.0,93719,73.5
81.0,93800,75.8
122.0,93922,82.0
136.0,94058,90.0
174.0,94232,101.9
152.0,94384,109.7
166.0,94550,118.6
167.0,94717,125.1
159.0,94876,132.7
500.0,95376,174.0
307.0,95683,196.4
129.0,95812,201.2
127.0,95939,201.7
126.0,96065,200.7
135.0,96200,196.8
131.0,96331,194.7
126.0,96457,190.7
135.0,96592,187.5
129.0,96721,184.5
125.0,96846,147.0
120.0,96966,128.3
118.0,97084,127.2
119.0,97203,126.4
118.0,97321,125.6
127.0,97448,124.8
128.0,97576,124.5
125.0,97701,124.4
125.0,97826,123.4
128.0,97954,123.3
125.0,98079,123.3
128.0,98207,124.1
128.0,98335,125.1
135.0,98470,126.7
128.0,98598,127.7
138.0,98736,128.8
137.0,98873,129.7
136.0,99009,130.8
135.0,99144,131.8
141.0,99285,133.1
136.0,99421,134.2
135.0,99556,134.9
132.0,99688,135.3
140.0,99828,135.8
135.0,99963,136.5
143.0,100106,137.0
143.0,100249,137.6
134.0,100383,137.4
130.0,100513,136.9
134.0,100647,136.2
132.0,100779,135.8
140.0,100919,136.3
136.0,101055,136.7
135.0,101190,136.2
132.0,101322,135.9
430.0,101752,164.6
368.0,102120,187.1
500.0,102620,223.7
500.0,103120,260.7
500.0,103620,297.3
134.0,103754,297.5
117.0,103871,295.2
121.0,103992,293.7
132.0,104124,293.4
133.0,104257,293.5
500.0,104757,300.5
225.0,104982,286.2
315.0,105297,267.7
197.0,105494,237.4
168.0,105662,204.2
133.0,105795,204.1
500.0,106295,242.4
229.0,106524,253.2
500.0,107024,290.0
500.0,107524,326.7
500.0,108024,326.7
500.0,108524,354.2
410.0,108934,363.7
10.0,108944,345.0
9.0,108953,329.1
10.0,108963,316.8
9.0,108972,267.7
10.0,108982,245.8
9.0,108991,196.7
8.0,108999,147.5
8.0,109007,98.3
10.0,109017,49.3
10.0,109027,9.3
9.0,109036,9.2
11.0,109047,9.4
10.0,109057,9.4
10.0,109067,9.5
8.0,109075,9.3
10.0,109085,9.4
9.0,109094,9.5
9.0,109103,9.6
10.0,109113,9.6
9.0,109122,9.5
9.0,109131,9.5
10.0,109141,9.4
9.0,109150,9.3
9.0,109159,9.2
10.0,109169,9.4
8.0,109177,9.2
65.0,109242,14.8
12.0,109254,15.1
10.0,109264,15.1
9.0,109273,15.1
11.0,109284,15.3
9.0,109293,15.2
10.0,109303,15.3
9.0,109312,15.3
8.0,109320,15.1
10.0,109330,15.3
10.0,109340,9.8
8.0,109348,9.4
9.0,109357,9.3
10.0,109367,9.4
10.0,109377,9.3
9.0,109386,9.3
10.0,109396,9.3
9.0,109405,9.3
10.0,109415,9.5
10.0,109425,9.5
10.0,109435,9.5
9.0,109444,9.6
10.0,109454,9.7
9.0,109463,9.6
9.0,109472,9.5
9.0,109481,9.5
10.0,109491,9.5
10.0,109501,9.6
9.0,109510,9.5
11.0,109521,9.6
10.0,109531,9.6
10.0,109541,9.7
11.0,109552,9.8
12.0,109564,10.1
13.0,109577,10.5
13.0,109590,10.9
13.0,109603,11.2
18.0,109621,12.0
25.0,109646,13.6
96.0,109742,22.1
462.0,110204,67.3
500.0,110704,116.3
153.0,110857,130.5
142.0,110999,143.5
148.0,111147,157.0
153.0,111300,171.0
155.0,111455,185.2
162.0,111617,199.6
167.0,111784,213.8
167.0,111951,220.9
186.0,112137,193.3
500.0,112637,193.3
500.0,113137,228.0
500.0,113637,263.8
500.0,114137,299.0
500.0,114637,333.7
115.0,114752,329.7
100.0,114852,323.5
138.0,114990,320.6
129.0,115119,316.8
113.0,115232,309.5
135.0,115367,273.0
103.0,115470,233.3
127.0,115597,196.0
114.0,115711,157.4
101.0,115812,117.5
98.0,115910,115.8
92.0,116002,115.0
111.0,116113,112.3
134.0,116247,112.8
107.0,116354,112.2
110.0,116464,109.7
120.0,116584,111.4
103.0,116687,109.0
101.0,116788,107.7
192.0,116980,116.8
99.0,117079,116.9
86.0,117165,116.3
110.0,117275,116.2
103.0,117378,113.1
104.0,117482,112.8
500.0,117982,151.8
500.0,118482,189.8
378.0,118860,217.3
500.0,119360,257.2
269.0,119629,264.9
17.0,119646,256.7
18.0,119664,249.9
500.0,120164,288.9
500.0,120664,328.6
500.0,121164,368.2
500.0,121664,368.2
500.0,122164,368.2
194.0,122358,349.8
500.0,122858,349.8
500.0,123358,372.9
500.0,123858,421.2
500.0,124358,469.4
500.0,124858,469.4
500.0,125358,469.4
38.0,125396,423.2
12.0,125408,374.4
11.0,125419,325.5
8.0,125427,306.9
10.0,125437,257.9
8.0,125445,208.7
9.0,125454,159.6
10.0,125464,110.6
8.0,125472,61.4
9.0,125481,12.3
8.0,125489,9.3
10.0,125499,9.1
10.0,125509,9.0
8.0,125517,9.0
9.0,125526,8.9
8.0,125534,8.9
9.0,125543,8.9
13.0,125556,9.2
17.0,125573,10.1
98.0,125671,19.0
44.0,125715,22.6
39.0,125754,25.5
55.0,125809,30.0
121.0,125930,41.3
211.0,126141,61.5
110.0,126251,71.7
103.0,126354,81.1
111.0,126465,90.9
104.0,126569,99.6
98.0,126667,99.6
122.0,126789,107.4
104.0,126893,113.9
137.0,127030,122.1
146.0,127176,124.6
118.0,127294,115.3
125.0,127419,116.8
133.0,127552,119.8
163.0,127715,125.0
152.0,127867,129.8
177.0,128044,137.7
192.0,128236,144.7
185.0,128421,152.8
205.0,128626,159.6
239.0,128865,168.9
251.0,129116,182.2
199.0,129315,189.6
374.0,129689,213.7
500.0,130189,247.4
288.0,130477,261.0
197.0,130674,263.0
175.0,130849,261.3
159.0,131008,258.7
133.0,131141,251.5
129.0,131270,240.5
125.0,131395,227.9
112.0,131507,219.2
117.0,131624,193.5
107.0,131731,154.2
111.0,131842,136.5
103.0,131945,127.1
111.0,132056,120.7
103.0,132159,115.1
120.0,132279,113.8
110.0,132389,111.9
112.0,132501,110.6
124.0,132625,111.8
109.0,132734,111.0
106.0,132840,110.9
115.0,132955,111.3
97.0,133052,110.7
155.0,133207,115.1
219.0,133426,126.7
183.0,133609,133.0
226.0,133835,144.6
160.0,133995,149.4
206.0,134201,157.6
361.0,134562,182.8
23.0,134585,174.5
16.0,134601,164.6
14.0,134615,156.3
9.0,134624,141.7
10.0,134634,120.8
8.0,134642,103.3
10.0,134652,81.7
8.0,134660,66.5
9.0,134669,46.8
8.0,134677,11.5
8.0,134685,10.0
9.0,134694,9.3
10.0,134704,8.9
10.0,134714,9.0
9.0,134723,8.9
8.0,134731,8.9
9.0,134740,8.8
10.0,134750,9.0
8.0,134758,8.9
8.0,134766,8.9
9.0,134775,9.0
9.0,134784,9.0
10.0,134794,9.0
10.0,134804,9.0
500.0,135304,58.1
500.0,135804,107.3
425.0,136229,148.9
317.0,136546,179.6
500.0,137046,228.8
420.0,137466,270.0
288.0,137754,297.9
166.0,137920,313.6
209.0,138129,333.5
214.0,138343,353.9
177.0,138520,321.6
212.0,138732,292.8
385.0,139117,288.8
430.0,139547,300.1
437.0,139984,293.8
442.0,140426,296.0
139.0,140565,281.1
209.0,140774,285.4
260.0,141034,290.5
26.0,141060,271.7
13.0,141073,255.3
11.0,141084,235.2
9.0,141093,197.6
10.0,141103,155.6
9.0,141112,112.8
8.0,141120,69.4
11.0,141131,56.6
10.0,141141,36.7
9.0,141150,11.6
10.0,141160,10.0
8.0,141168,9.5
10.0,141178,9.4
10.0,141188,9.5
9.0,141197,9.4
11.0,141208,9.6
9.0,141217,9.7
9.0,141226,9.5
11.0,141237,9.6
11.0,141248,9.8
9.0,141257,9.7
10.0,141267,9.9
9.0,141276,9.8
9.0,141285,9.7
10.0,141295,9.8
10.0,141305,9.7
9.0,141314,9.7
10.0,141324,9.8
10.0,141334,9.7
11.0,141345,9.7
11.0,141356,9.9
9.0,141365,9.8
10.0,141375,9.9
9.0,141384,9.9
9.0,141393,9.8
12.0,141405,10.0
16.0,141421,10.7
16.0,141437,11.3
15.0,141452,11.8
18.0,141470,12.5
77.0,141547,19.1
111.0,141658,29.3
157.0,141815,44.0
408.0,142223,83.9
500.0,142723,133.0
194.0,142917,151.2
500.0,143417,199.6
500.0,143917,248.0
435.0,144352,290.0
500.0,144852,338.2
500.0,145352,380.5
169.0,145521,386.3
158.0,145679,386.4
152.0,145831,360.8
132.0,145963,324.0
123.0,146086,316.9
116.0,146202,278.5
122.0,146324,240.7
161.0,146485,213.3
166.0,146651,179.9
127.0,146778,142.6
140.0,146918,139.7
130.0,147048,136.9
124.0,147172,134.1
153.0,147325,136.2
135.0,147460,137.4
121.0,147581,137.9
117.0,147698,137.4
123.0,147821,133.6
133.0,147954,130.3
113.0,148067,128.9
121.0,148188,127.0
123.0,148311,126.3
117.0,148428,125.6
119.0,148547,122.2
120.0,148667,120.7
112.0,148779,119.8
109.0,148888,119.0
91.0,148979,115.8
120.0,149099,114.5
127.0,149226,115.9
103.0,149329,114.1
107.0,149436,112.5
104.0,149540,111.2
99.0,149639,109.2
107.0,149746,107.9
97.0,149843,106.4
135.0,149978,109.0
105.0,150083,110.4
129.0,150212,111.3
103.0,150315,108.9
180.0,150495,116.6
93.0,150588,115.2
111.0,150699,115.9
112.0,150811,117.2
124.0,150935,118.9
152.0,151087,124.4
132.0,151219,124.1
136.0,151355,127.2
182.0,151537,132.5
372.0,151909,159.4
133.0,152042,154.7
33.0,152075,148.7
27.0,152102,140.3
38.0,152140,132.9
129.0,152269,133.4
166.0,152435,134.8
141.0,152576,135.7
36.0,152612,125.7
173.0,152785,124.8
57.0,152842,93.3
39.0,152881,83.9
36.0,152917,84.2
34.0,152951,84.9
36.0,152987,84.7
155.0,153142,87.3
157.0,153299,86.4
247.0,153546,97.0
170.0,153716,110.4
170.0,153886,110.1
127.0,154013,117.1
127.0,154140,125.9
170.0,154310,139.3
92.0,154402,145.1
54.0,154456,146.9
174.0,154630,148.8
152.0,154782,148.3
155.0,154937,139.1
116.0,155053,133.7
276.0,155329,144.3
111.0,155440,142.7
30.0,155470,133.0
34.0,155504,119.4
213.0,155717,131.5
53.0,155770,131.4
10.0,155780,115.0
10.0,155790,100.8
10.0,155800,86.3
10.0,155810,75.7
9.0,155819,49.0
9.0,155828,38.8
10.0,155838,36.8
10.0,155848,34.4
10.0,155858,14.1
9.0,155867,9.7
9.0,155876,9.6
10.0,155886,9.6
10.0,155896,9.6
9.0,155905,9.5
8.0,155913,9.4
11.0,155924,9.6
10.0,155934,9.6
10.0,155944,9.6
9.0,155953,9.5
9.0,155962,9.5
10.0,155972,9.6
10.0,155982,9.6
9.0,155991,9.5
8.0,155999,9.4
9.0,156008,9.5
10.0,156018,9.4
9.0,156027,9.3
9.0,156036,9.2
10.0,156046,9.3
9.0,156055,9.3
10.0,156065,9.3
8.0,156073,9.1
10.0,156083,9.2
11.0,156094,9.5
11.0,156105,9.7
11.0,156116,9.8
13.0,156129,10.2
11.0,156140,10.4
11.0,156151,10.5
15.0,156166,11.1
15.0,156181,11.6
500.0,156681,60.8
221.0,156902,81.9
130.0,157032,93.8
96.0,157128,102.3
159.0,157287,117.1
176.0,157463,133.4
191.0,157654,151.4
175.0,157829,167.8
160.0,157989,182.3
192.0,158181,200.0
212.0,158393,171.2
171.0,158564,166.2
195.0,158759,172.7
197.0,158956,182.8
196.0,159152,186.5
222.0,159374,191.1
215.0,159589,193.5
277.0,159866,203.7
279.0,160145,215.6
500.0,160645,246.4
500.0,161145,275.2
500.0,161645,308.1
500.0,162145,338.6
500.0,162645,368.9
500.0,163145,399.3
500.0,163645,427.1
500.0,164145,455.6
500.0,164645,477.9
500.0,165145,500.0
500.0,165645,500.0
500.0,166145,500.0
26.0,166171,452.6
21.0,166192,404.7
20.0,166212,356.7
24.0,166236,309.1
35.0,166271,262.6
25.0,166296,215.1
25.0,166321,167.6
27.0,166348,120.3
21.0,166369,72.4
26.0,166395,25.0
25.0,166420,24.9
19.0,166439,24.7
22.0,166461,24.9
26.0,166487,25.1
25.0,166512,24.1
21.0,166533,23.7
21.0,166554,23.3
20.0,166574,22.6
25.0,166599,23.0
22.0,166621,22.6
20.0,166641,22.1
491.0,167132,69.3
30.0,167162,70.1
10.0,167172,68.5
20.0,167192,68.0
24.0,167216,68.3
9.0,167225,67.1
24.0,167249,67.5
12.0,167261,66.2
16.0,167277,65.6
15.0,167292,65.1
11.0,167303,17.1
10.0,167313,15.1
24.0,167337,16.5
10.0,167347,15.5
33.0,167380,16.4
16.0,167396,17.1
21.0,167417,16.8
22.0,167439,17.8
56.0,167495,21.8
87.0,167582,29.0
233.0,167815,51.2
500.0,168315,100.2
500.0,168815,147.8
500.0,169315,196.8
500.0,169815,243.5
500.0,170315,291.9
500.0,170815,339.8
500.0,171315,387.6
500.0,171815,432.0
500.0,172315,473.3
500.0,172815,500.0
500.0,173315,500.0
500.0,173815,500.0
500.0,174315,500.0
500.0,174815,500.0
163.0,174978,466.3
312.0,175290,447.5
500.0,175790,447.5
223.0,176013,419.8
500.0,176513,419.8
300.0,176813,399.8
28.0,176841,352.6
15.0,176856,304.1
20.0,176876,256.1
34.0,176910,209.5
22.0,176932,195.4
28.0,176960,167.0
36.0,176996,120.6
29.0,177025,101.2
35.0,177060,54.7
33.0,177093,28.0
35.0,177128,28.7
51.0,177179,32.3
62.0,177241,36.5
89.0,177330,42.0
132.0,177462,53.0
500.0,177962,100.2
500.0,178462,146.6
350.0,178812,178.7
284.0,179096,203.6
243.0,179339,224.6
250.0,179589,246.1
256.0,179845,266.6
252.0,180097,285.6
254.0,180351,302.1
263.0,180614,315.2
277.0,180891,292.9
500.0,181391,292.9
195.0,181586,277.4
219.0,181805,270.9
234.0,182039,270.0
218.0,182257,266.8
191.0,182448,260.3
213.0,182661,256.4
207.0,182868,251.7
248.0,183116,250.2
323.0,183439,254.8
210.0,183649,225.8
220.0,183869,228.3
224.0,184093,228.8
235.0,184328,228.9
206.0,184534,227.7
193.0,184727,227.9
226.0,184953,229.2
208.0,185161,229.3
199.0,185360,224.4
221.0,185581,214.2
209.0,185790,214.1
37.0,185827,195.8
203.0,186030,193.7
195.0,186225,189.7
211.0,186436,190.2
213.0,186649,192.2
134.0,186783,183.0
213.0,186996,183.5
45.0,187041,168.1
107.0,187148,156.7
40.0,187188,139.8
53.0,187241,141.4
122.0,187363,133.3
49.0,187412,118.7
88.0,187500,106.4
80.0,187580,93.1
85.0,187665,88.2
71.0,187736,74.0
111.0,187847,80.6
113.0,187960,81.2
167.0,188127,93.9
177.0,188304,106.3
191.0,188495,113.2
203.0,188698,128.6
205.0,188903,140.3
216.0,189119,153.9
262.0,189381,171.6
266.0,189647,191.1
244.0,189891,204.4
237.0,190128,216.8
229.0,190357,223.0
240.0,190597,229.3
225.0,190822,232.7
181.0,191003,230.5
193.0,191196,229.3
197.0,191393,227.4
159.0,191552,217.1
84.0,191636,198.9
31.0,191667,177.6
18.0,191685,155.7
64.0,191749,139.2
22.0,191771,117.4
102.0,191873,105.1
91.0,191964,96.1
163.0,192127,93.1
200.0,192327,93.4
192.0,192519,96.7
188.0,192707,107.1
180.0,192887,122.0
177.0,193064,137.9
161.0,193225,147.6
133.0,193358,158.7
150.0,193508,163.5
171.0,193679,171.5
152.0,193831,170.4
171.0,194002,167.5
142.0,194144,162.5
156.0,194300,159.3
148.0,194448,156.1
141.0,194589,152.5
142.0,194731,150.6
151.0,194882,152.4
153.0,195035,152.7
147.0,195182,150.3
169.0,195351,152.0
160.0,195511,150.9
160.0,195671,152.7
149.0,195820,152.0
151.0,195971,152.3
142.0,196113,152.4
129.0,196242,151.1
143.0,196385,150.3
149.0,196534,149.9
162.0,196696,151.4
146.0,196842,149.1
138.0,196980,146.9
146.0,197126,145.5
148.0,197274,145.4
153.0,197427,145.6
153.0,197580,146.7
159.0,197739,149.7
65.0,197804,141.9
147.0,197951,141.7
156.0,198107,141.1
137.0,198244,140.2
155.0,198399,141.9
162.0,198561,143.5
159.0,198720,144.6
151.0,198871,144.4
153.0,199024,144.4
42.0,199066,132.7
36.0,199102,129.8
122.0,199224,127.3
166.0,199390,128.3
154.0,199544,130.0
177.0,199721,132.2
137.0,199858,129.7
150.0,200008,128.8
16.0,200024,115.3
29.0,200053,102.9
125.0,200178,111.2
101.0,200279,117.7
97.0,200376,115.2
120.0,200496,110.6
149.0,200645,110.1
156.0,200801,108.0
177.0,200978,112.0
169.0,201147,113.9
142.0,201289,126.5
170.0,201459,140.6
168.0,201627,144.9
218.0,201845,156.6
182.0,202027,165.1
165.0,202192,169.6
151.0,202343,169.8
153.0,202496,169.5
101.0,202597,161.9
40.0,202637,149.0
41.0,202678,138.9
124.0,202802,134.3
48.0,202850,122.3
17.0,202867,102.2
11.0,202878,85.1
10.0,202888,69.6
11.0,202899,55.6
13.0,202912,41.6
10.0,202922,32.5
13.0,202935,29.8
16.0,202951,27.3
15.0,202966,16.4
14.0,202980,13.0
73.0,203053,18.6
163.0,203216,33.8
267.0,203483,59.5
191.0,203674,77.5
176.0,203850,93.8
184.0,204034,111.2
222.0,204256,132.1
255.0,204511,156.0
235.0,204746,178.0
233.0,204979,199.9
272.0,205251,219.8
211.0,205462,224.6
238.0,205700,221.7
88.0,205788,211.4
238.0,206026,217.6
297.0,206323,228.9
274.0,206597,234.1
117.0,206714,220.3
188.0,206902,215.6
220.0,207122,214.3
91.0,207213,196.2
219.0,207432,197.0
109.0,207541,184.1
196.0,207737,194.9
81.0,207818,179.2
185.0,208003,168.0
103.0,208106,150.9
133.0,208239,152.5
25.0,208264,136.2
13.0,208277,115.5
9.0,208286,107.3
10.0,208296,86.4
9.0,208305,76.4
10.0,208315,57.8
9.0,208324,50.6
8.0,208332,32.9
10.0,208342,23.6
10.0,208352,11.3
9.0,208361,9.7
9.0,208370,9.3
9.0,208379,9.3
10.0,208389,9.3
407.0,208796,49.1
500.0,209296,98.1
242.0,209538,121.4
199.0,209737,140.5
147.0,209884,154.2
153.0,210037,168.5
123.0,210160,179.9
119.0,210279,190.9
108.0,210387,200.8
98.0,210485,209.6
96.0,210581,178.5
105.0,210686,139.0
114.0,210800,126.2
135.0,210935,119.8
148.0,211083,119.9
125.0,211208,117.1
128.0,211336,117.6
103.0,211439,116.0
115.0,211554,116.7
138.0,211692,120.7
143.0,211835,125.4
66.0,211901,121.5
50.0,211951,115.1
116.0,212067,113.2
342.0,212409,132.6
142.0,212551,134.3
88.0,212639,130.3
215.0,212854,141.5
245.0,213099,154.5
182.0,213281,158.9
43.0,213324,148.9
17.0,213341,144.0
11.0,213352,140.1
11.0,213363,129.6
9.0,213372,96.3
8.0,213380,82.9
10.0,213390,75.1
9.0,213399,54.5
10.0,213409,31.0
11.0,213420,13.9
11.0,213431,10.7
11.0,213442,10.1
14.0,213456,10.4
110.0,213566,20.3
500.0,214066,69.4
139.0,214205,82.5
149.0,214354,96.4
200.0,214554,115.5
405.0,214959,155.0
143.0,215102,168.2
176.0,215278,184.7
268.0,215546,210.4
178.0,215724,226.8
66.0,215790,222.4
46.0,215836,177.0
25.0,215861,165.6
31.0,215892,153.8
28.0,215920,136.6
39.0,215959,100.0
179.0,216138,103.6
399.0,216537,125.9
108.0,216645,109.9
106.0,216751,102.7
144.0,216895,110.5
145.0,217040,120.4
312.0,217352,149.1
500.0,217852,196.0
87.0,217939,201.9
243.0,218182,222.3
465.0,218647,250.9
500.0,219147,261.0
280.0,219427,278.2
346.0,219773,302.2
31.0,219804,290.9
16.0,219820,278.0
14.0,219834,248.2
223.0,220057,220.5
174.0,220231,229.2
160.0,220391,220.9
314.0,220705,205.8
393.0,221098,195.1
17.0,221115,168.8
11.0,221126,135.3
9.0,221135,133.1
9.0,221144,132.4
9.0,221153,131.9
9.0,221162,110.5
10.0,221172,94.1
10.0,221182,79.1
9.0,221191,48.6
11.0,221202,10.4
8.0,221210,9.5
9.0,221219,9.3
9.0,221228,9.3
500.0,221728,58.4
500.0,222228,107.5
178.0,222406,124.4
153.0,222559,138.7
173.0,222732,155.0
136.0,222868,167.7
141.0,223009,180.7
150.0,223159,194.9
162.0,223321,210.2
158.0,223479,225.1
129.0,223608,188.0
134.0,223742,151.4
165.0,223907,150.1
165.0,224072,151.3
138.0,224210,147.8
165.0,224375,150.7
127.0,224502,149.3
137.0,224639,148.0
144.0,224783,146.2
145.0,224928,144.9
120.0,225048,144.0
155.0,225203,146.1
228.0,225431,152.4
280.0,225711,163.9
102.0,225813,160.3
18.0,225831,145.6
23.0,225854,135.2
40.0,225894,125.5
262.0,226156,137.3
13.0,226169,124.1
24.0,226193,114.5
114.0,226307,110.4
286.0,226593,116.2
166.0,226759,104.8
18.0,226777,96.4
20.0,226797,96.6
206.0,227003,114.9
12.0,227015,112.1
9.0,227024,86.8
11.0,227035,86.6
8.0,227043,85.0
9.0,227052,74.5
9.0,227061,46.8
26.0,227087,32.8
64.0,227151,37.4
181.0,227332,53.5
155.0,227487,48.4
377.0,227864,84.9
380.0,228244,122.0
226.0,228470,143.5
500.0,228970,192.7
208.0,229178,212.6
8.0,229186,212.5
9.0,229195,210.8
12.0,229207,205.6
10.0,229217,188.5
23.0,229240,175.3
262.0,229502,163.8
205.0,229707,146.3
286.0,229993,152.3
500.0,230493,152.3
267.0,230760,158.2
269.0,231029,184.3
500.0,231529,233.4
412.0,231941,273.4
252.0,232193,297.6
267.0,232460,322.0
424.0,232884,338.2
284.0,233168,346.1
500.0,233668,367.5
355.0,234023,353.0
12.0,234035,327.5
9.0,234044,301.5
313.0,234357,282.8
500.0,234857,291.6
500.0,235357,316.4
136.0,235493,303.3
217.0,235710,282.6
9.0,235719,255.1
9.0,235728,206.0
9.0,235737,171.4
9.0,235746,171.1
10.0,235756,171.2
9.0,235765,140.8
10.0,235775,91.8
9.0,235784,42.7
10.0,235794,30.1
8.0,235802,9.2
8.0,235810,9.1
10.0,235820,9.2
10.0,235830,9.3
8.0,235838,9.2
192.0,236030,27.4
20.0,236050,28.5
17.0,236067,29.2
20.0,236087,30.3
17.0,236104,31.0
19.0,236123,32.1
11.0,236134,32.4
12.0,236146,32.6
12.0,236158,32.8
12.0,236170,33.2
12.0,236182,15.2
13.0,236195,14.5
14.0,236209,14.2
16.0,236225,13.8
15.0,236240,13.6
13.0,236253,13.0
12.0,236265,13.1
11.0,236276,13.0
11.0,236287,12.9
14.0,236301,13.1
13.0,236314,13.2
13.0,236327,13.2
14.0,236341,13.2
10.0,236351,12.6
12.0,236363,12.3
15.0,236378,12.5
14.0,236392,12.7
13.0,236405,12.9
20.0,236425,13.8
22.0,236447,14.6
26.0,236473,15.9
18.0,236491,16.4
20.0,236511,17.0
22.0,236533,18.2
24.0,236557,19.4
90.0,236647,26.9
107.0,236754,36.2
114.0,236868,46.3
160.0,237028,60.3
209.0,237237,79.0
500.0,237737,126.4
500.0,238237,174.6
222.0,238459,194.8
500.0,238959,242.6
500.0,239459,290.2
500.0,239959,331.2
500.0,240459,370.5
500.0,240959,409.1
500.0,241459,443.1
500.0,241959,472.2
500.0,242459,472.2
500.0,242959,472.2
500.0,243459,500.0
500.0,243959,500.0
500.0,244459,500.0
500.0,244959,500.0
500.0,245459,500.0
468.0,245927,496.8
408.0,246335,487.6
339.0,246674,471.5
260.0,246934,447.5
251.0,247185,422.6
210.0,247395,393.6
217.0,247612,365.3
181.0,247793,333.4
169.0,247962,300.3
163.0,248125,266.6
144.0,248269,234.2
150.0,248419,208.4
133.0,248552,187.8
122.0,248674,174.0
119.0,248793,160.8
10.0,248803,140.8
10.0,248813,120.1
119.0,248932,113.9
118.0,249050,108.8
118.0,249168,104.3
111.0,249279,101.0
11.0,249290,87.1
108.0,249398,84.6
113.0,249511,83.7
111.0,249622,82.9
110.0,249732,92.9
104.0,249836,102.3
10.0,249846,91.4
10.0,249856,80.6
102.0,249958,79.0
105.0,250063,78.4
10.0,250073,78.3
10.0,250083,68.5
101.0,250184,67.3
83.0,250267,64.5
9.0,250276,54.4
9.0,250285,44.9
80.0,250365,51.9
10.0,250375,51.9
10.0,250385,42.7
78.0,250463,40.0
12.0,250475,40.2
9.0,250484,40.1
25.0,250509,32.5
22.0,250531,26.4
9.0,250540,26.4
23.0,250563,27.8
10.0,250573,20.8
9.0,250582,20.7
10.0,250592,20.7
10.0,250602,13.9
9.0,250611,13.6
10.0,250621,13.7
10.0,250631,12.2
10.0,250641,11.0
9.0,250650,11.0
8.0,250658,9.5
9.0,250667,9.4
9.0,250676,9.4
10.0,250686,9.4
10.0,250696,9.4
10.0,250706,9.5
10.0,250716,9.5
10.0,250726,9.5
8.0,250734,9.3
30.0,250764,11.4
9.0,250773,11.5
40.0,250813,14.6
9.0,250822,14.6
52.0,250874,18.8
75.0,250949,25.3
78.0,251027,32.1
40.0,251067,35.1
159.0,251226,50.0
9.0,251235,50.1
9.0,251244,48.0
8.0,251252,47.9
11.0,251263,45.0
9.0,251272,45.0
9.0,251281,40.7
11.0,251292,34.3
11.0,251303,27.6
13.0,251316,24.9
117.0,251433,20.7
133.0,251566,33.1
99.0,251665,42.1
315.0,251980,72.8
21.0,252001,73.8
113.0,252114,84.2
137.0,252251,97.0
445.0,252696,140.4
500.0,253196,189.3
230.0,253426,211.0
232.0,253658,222.5
156.0,253814,224.8
190.0,254004,233.9
454.0,254458,247.8
205.0,254663,266.2
55.0,254718,260.4
130.0,254848,259.7
149.0,254997,230.1
105.0,255102,190.6
88.0,255190,176.4
132.0,255322,166.4
165.0,255487,167.3
142.0,255629,162.5
133.0,255762,130.4
146.0,255908,124.5
145.0,256053,133.5
119.0,256172,132.4
130.0,256302,130.5
136.0,256438,133.6
156.0,256594,140.4
136.0,256730,140.8
155.0,256885,139.8
165.0,257050,142.1
139.0,257189,142.7
147.0,257336,142.8
149.0,257485,143.2
143.0,257628,145.6
136.0,257764,146.2
123.0,257887,144.9
140.0,258027,143.3
138.0,258165,143.5
143.0,258308,142.3
124.0,258432,138.2
145.0,258577,138.8
140.0,258717,138.1
129.0,258846,136.1
160.0,259006,137.8
174.0,259180,141.6
140.0,259320,143.3
167.0,259487,146.0
500.0,259987,182.2
500.0,260487,217.9
500.0,260987,255.5
500.0,261487,291.0
500.0,261987,327.0
153.0,262140,329.4
345.0,262485,347.9
10.0,262495,331.5
9.0,262504,318.4
10.0,262514,302.7
10.0,262524,253.7
10.0,262534,204.7
8.0,262542,155.5
177.0,262719,123.2
138.0,262857,87.0
143.0,263000,86.0
197.0,263197,71.2
141.0,263338,84.3
142.0,263480,97.6
170.0,263650,113.6
500.0,264150,162.6
500.0,264650,211.6
148.0,264798,225.6
10.0,264808,208.9
10.0,264818,196.1
9.0,264827,182.7
10.0,264837,164.0
8.0,264845,150.7
10.0,264855,137.5
9.0,264864,121.4
9.0,264873,72.3
29.0,264902,25.2
18.0,264920,12.2
20.0,264940,13.2
22.0,264962,14.4
17.0,264979,15.2
17.0,264996,15.9
16.0,265012,16.7
15.0,265027,17.2
12.0,265039,17.5
12.0,265051,17.8
11.0,265062,16.0
10.0,265072,15.2
8.0,265080,14.0
11.0,265091,12.9
11.0,265102,12.3
9.0,265111,11.5
12.0,265123,11.1
19.0,265142,11.5
108.0,265250,21.1
164.0,265414,36.3
500.0,265914,85.2
240.0,266154,108.2
293.0,266447,136.7
107.0,266554,146.3
477.0,267031,192.9
49.0,267080,196.9
303.0,267383,226.0
125.0,267508,236.6
482.0,267990,274.0
344.0,268334,292.0
247.0,268581,266.7
246.0,268827,267.3
98.0,268925,247.8
122.0,269047,249.3
91.0,269138,210.7
215.0,269353,227.3
242.0,269595,221.2
235.0,269830,232.2
187.0,270017,202.7
219.0,270236,190.2
50.0,270286,170.5
63.0,270349,152.2
64.0,270413,148.8
258.0,270671,162.4
116.0,270787,164.9
98.0,270885,153.2
305.0,271190,159.5
344.0,271534,170.4
149.0,271683,166.6
309.0,271992,175.6
336.0,272328,204.2
360.0,272688,233.9
311.0,272999,258.6
433.0,273432,276.1
500.0,273932,314.5
358.0,274290,340.5
418.0,274708,351.8
387.0,275095,356.1
421.0,275516,383.3
357.0,275873,388.1
354.0,276227,389.9
301.0,276528,384.0
205.0,276733,373.4
9.0,276742,331.0
11.0,276753,282.1
9.0,276762,247.2
9.0,276771,206.3
500.0,277271,217.6
239.0,277510,199.4
9.0,277519,164.6
9.0,277528,130.1
500.0,278028,150.0
500.0,278528,179.5
81.0,278609,186.7
362.0,278971,221.8
8.0,278979,221.7
8.0,278987,221.6
10.0,278997,172.6
9.0,279006,149.6
10.0,279016,149.7
9.0,279025,149.7
8.0,279033,100.5
10.0,279043,51.5
9.0,279052,44.3
145.0,279197,22.6
169.0,279366,38.7
500.0,279866,87.9
500.0,280366,136.9
299.0,280665,165.9
431.0,281096,208.0
500.0,281596,257.1
500.0,282096,306.3
409.0,282505,346.2
500.0,283005,395.3
500.0,283505,430.8
500.0,284005,463.9
237.0,284242,437.6
140.0,284382,401.6
17.0,284399,373.4
500.0,284899,380.3
500.0,285399,380.3
500.0,285899,380.3
500.0,286399,389.4
461.0,286860,385.5
500.0,287360,385.5
500.0,287860,385.5
333.0,288193,395.1
10.0,288203,382.1
500.0,288703,430.4
500.0,289203,430.4
143.0,289346,394.7
362.0,289708,380.9
102.0,289810,341.1
291.0,290101,324.1
20.0,290121,276.1
10.0,290131,227.1
8.0,290139,194.6
9.0,290148,194.5
33.0,290181,147.8
137.0,290318,111.5
500.0,290818,147.2
265.0,291083,137.5
500.0,291583,177.3
500.0,292083,198.2
500.0,292583,246.2
136.0,292719,258.8
500.0,293219,308.0
101.0,293320,317.2
9.0,293329,314.8
500.0,293829,351.1
500.0,294329,351.1
500.0,294829,374.6
49.0,294878,329.5
10.0,294888,280.5
10.0,294898,231.5
500.0,295398,267.9
500.0,295898,267.9
463.0,296361,304.1
500.0,296861,353.2
500.0,297361,353.2
500.0,297861,353.2
500.0,298361,353.2
500.0,298861,398.3
500.0,299361,447.3
260.0,299621,472.3
96.0,299717,431.9
9.0,299726,382.8
10.0,299736,337.5
23.0,299759,289.8
113.0,299872,251.1
99.0,299971,211.0
29.0,300000,163.9
33.0,300033,117.2
107.0,300140,77.9
500.0,300640,101.9
500.0,301140,142.3
500.0,301640,191.4
500.0,302140,240.4
500.0,302640,288.1
500.0,303140,326.8
500.0,303640,366.9
500.0,304140,414.0
500.0,304640,460.7
268.0,304908,476.8
500.0,305408,476.8
500.0,305908,476.8
500.0,306408,476.8
500.0,306908,476.8
500.0,307408,476.8
166.0,307574,443.4
128.0,307702,406.2
21.0,307723,358.3
500.0,308223,358.3
158.0,308381,347.3
421.0,308802,339.4
500.0,309302,339.4
386.0,309688,328.0
372.0,310060,315.2
145.0,310205,279.7
129.0,310334,276.0
122.0,310456,275.4
127.0,310583,286.0
118.0,310701,247.8
156.0,310857,247.6
70.0,310927,212.5
9.0,310936,163.4
385.0,311321,163.3
118.0,311439,137.9
17.0,311456,125.1
18.0,311474,114.0
400.0,311874,141.8
500.0,312374,179.1
500.0,312874,217.3
500.0,313374,251.7
500.0,313874,294.7
123.0,313997,306.1
8.0,314005,268.4
9.0,314014,257.5
500.0,314514,305.8
38.0,314552,307.8
167.0,314719,284.5
500.0,315219,284.5
500.0,315719,284.5
500.0,316219,284.5
500.0,316719,284.5
500.0,317219,322.2
500.0,317719,371.4
500.0,318219,420.5
101.0,318320,380.6
500.0,318820,426.8
141.0,318961,424.2
122.0,319083,386.4
100.0,319183,346.4
413.0,319596,337.7
500.0,320096,337.7
500.0,320596,337.7
500.0,321096,337.7
500.0,321596,337.7
500.0,322096,377.6
500.0,322596,377.6
113.0,322709,374.8
122.0,322831,374.8
500.0,323331,414.8
500.0,323831,423.5
500.0,324331,423.5
500.0,324831,423.5
500.0,325331,423.5
500.0,325831,423.5
500.0,326331,423.5
122.0,326453,385.7
217.0,326670,396.1
20.0,326690,385.9
321.0,327011,368.0
360.0,327371,354.0
97.0,327468,313.7
13.0,327481,265.0
11.0,327492,216.1
500.0,327992,216.1
251.0,328243,191.2
10.0,328253,180.0
500.0,328753,208.3
500.0,329253,256.3
500.0,329753,274.2
500.0,330253,288.2
500.0,330753,328.5
500.0,331253,377.2
500.0,331753,426.1
500.0,332253,426.1
500.0,332753,451.0
500.0,333253,500.0
500.0,333753,500.0
500.0,334253,500.0
500.0,334753,500.0
21.0,334774,452.1
24.0,334798,404.5
8.0,334806,355.3
500.0,335306,355.3
500.0,335806,355.3
116.0,335922,316.9
500.0,336422,316.9
158.0,336580,282.7
500.0,337080,282.7
167.0,337247,249.4
10.0,337257,248.3
10.0,337267,246.9
500.0,337767,296.1
500.0,338267,296.1
104.0,338371,256.5
500.0,338871,294.9
198.0,339069,264.7
500.0,339569,298.9
171.0,339740,266.0
500.0,340240,299.3
500.0,340740,348.3
500.0,341240,397.3
500.0,341740,397.3
500.0,342240,397.3
178.0,342418,404.7
130.0,342548,367.7
27.0,342575,350.6
43.0,342618,304.9
500.0,343118,337.8
500.0,343618,337.8
78.0,343696,295.6
17.0,343713,247.3
500.0,344213,247.3
500.0,344713,247.3
500.0,345213,279.5
500.0,345713,316.5
201.0,345914,333.9
500.0,346414,379.6
500.0,346914,379.6
500.0,347414,379.6
500.0,347914,421.8
363.0,348277,456.4
17.0,348294,408.1
17.0,348311,359.8
500.0,348811,359.8
500.0,349311,359.8
500.0,349811,389.7
500.0,350311,389.7
500.0,350811,389.7
500.0,351311,389.7
500.0,351811,389.7
500.0,352311,403.4
500.0,352811,451.7
500.0,353311,500.0
500.0,353811,500.0
500.0,354311,500.0
500.0,354811,500.0
500.0,355311,500.0
500.0,355811,500.0
234.0,356045,473.4
28.0,356073,426.2
9.0,356082,377.1
10.0,356092,328.1
9.0,356101,279.0
19.0,356120,230.9
9.0,356129,181.8
26.0,356155,134.4
18.0,356173,86.2
122.0,356295,48.4
500.0,356795,75.0
500.0,357295,122.2
500.0,357795,171.3
500.0,358295,220.3
500.0,358795,269.4
500.0,359295,317.5
500.0,359795,366.6
500.0,360295,414.0
500.0,360795,462.2
500.0,361295,500.0
369.0,361664,486.9
9.0,361673,437.8
9.0,361682,388.7
10.0,361692,339.7
9.0,361701,290.6
10.0,361711,241.6
9.0,361720,192.5
9.0,361729,143.4
10.0,361739,94.4
22.0,361761,46.6
500.0,362261,59.7
500.0,362761,108.8
500.0,363261,157.9
500.0,363761,206.9
500.0,364261,256.0
500.0,364761,305.0
500.0,365261,354.1
500.0,365761,403.2
500.0,366261,452.2
500.0,366761,500.0
500.0,367261,500.0
500.0,367761,500.0
500.0,368261,500.0
12.0,368273,451.2
12.0,368285,402.4
10.0,368295,353.4
10.0,368305,304.4
10.0,368315,255.4
10.0,368325,206.4
8.0,368333,157.2
9.0,368342,108.1
9.0,368351,59.0
11.0,368362,10.1
10.0,368372,9.9
12.0,368384,9.9
116.0,368500,20.5
121.0,368621,31.6
180.0,368801,48.6
500.0,369301,97.6
500.0,369801,146.8
500.0,370301,195.9
500.0,370801,245.0
210.0,371011,264.9
34.0,371045,267.3
500.0,371545,316.1
500.0,372045,354.5
261.0,372306,368.5
251.0,372557,375.6
207.0,372764,346.3
204.0,372968,316.7
190.0,373158,285.7
204.0,373362,256.1
187.0,373549,253.8
171.0,373720,267.5
184.0,373904,235.9
175.0,374079,203.4
181.0,374260,195.4
166.0,374426,186.9
168.0,374594,183.0
177.0,374771,180.3
188.0,374959,180.1
176.0,375135,177.3
194.0,375329,178.0
204.0,375533,181.3
196.0,375729,182.5
229.0,375958,187.9
317.0,376275,201.5
500.0,376775,234.9
500.0,377275,268.1
124.0,377399,262.8
19.0,377418,245.9
10.0,377428,229.3
21.0,377449,212.0
17.0,377466,193.3
9.0,377475,174.6
10.0,377485,152.7
84.0,377569,129.4
92.0,377661,88.6
178.0,377839,56.4
227.0,378066,66.7
196.0,378262,84.4
180.0,378442,101.4
185.0,378627,117.8
244.0,378871,140.5
500.0,379371,189.6
500.0,379871,238.6
500.0,380371,280.2
500.0,380871,321.0
500.0,381371,353.2
500.0,381871,380.5
500.0,382371,410.9
500.0,382871,442.9
241.0,383112,448.5
209.0,383321,445.0
181.0,383502,413.1
194.0,383696,382.5
96.0,383792,342.1
54.0,383846,297.5
24.0,383870,249.9
58.0,383928,205.7
111.0,384039,166.8
191.0,384230,135.9
500.0,384730,161.8
383.0,385113,179.2
165.0,385278,177.6
400.0,385678,198.2
219.0,385897,210.5
233.0,386130,228.4
173.0,386303,243.3
500.0,386803,287.5
500.0,387303,326.4
367.0,387670,344.0
11.0,387681,295.1
22.0,387703,259.0
8.0,387711,243.3
8.0,387719,204.1
10.0,387729,183.2
9.0,387738,160.8
10.0,387748,144.5
10.0,387758,95.5
117.0,387875,57.2
200.0,388075,40.5
135.0,388210,52.9
161.0,388371,66.8
357.0,388728,101.7
10.0,388738,101.9
10.0,388748,101.9
11.0,388759,102.1
10.0,388769,102.1
11.0,388780,102.2
10.0,388790,91.5
17.0,388807,73.2
9.0,388816,60.6
11.0,388827,45.6
10.0,388837,10.9
12.0,388849,11.1
12.0,388861,11.3
10.0,388871,11.2
500.0,389371,60.2
500.0,389871,109.1
500.0,390371,158.1
174.0,390545,173.8
158.0,390703,188.7
500.0,391203,237.6
500.0,391703,286.6
500.0,392203,335.4
500.0,392703,384.2
490.0,393193,432.2
354.0,393547,417.6
332.0,393879,400.8
310.0,394189,381.8
300.0,394489,394.4
319.0,394808,410.5
293.0,395101,389.8
246.0,395347,364.4
210.0,395557,335.4
187.0,395744,304.1
207.0,395951,275.8
189.0,396140,259.3
180.0,396320,244.1
171.0,396491,230.2
169.0,396660,217.1
182.0,396842,203.4
163.0,397005,190.4
159.0,397164,181.7
173.0,397337,178.0
175.0,397512,176.8
140.0,397652,170.1
136.0,397788,164.8
142.0,397930,161.0
141.0,398071,158.0
150.0,398221,156.1
151.0,398372,153.0
193.0,398565,156.0
296.0,398861,169.7
227.0,399088,175.1
11.0,399099,158.7
10.0,399109,145.7
9.0,399118,133.0
9.0,399127,119.7
9.0,399136,106.5
9.0,399145,92.4
9.0,399154,78.2
9.0,399163,59.8
10.0,399173,31.2
9.0,399182,9.4
9.0,399191,9.2
10.0,399201,9.2
11.0,399212,9.4
10.0,399222,9.5
9.0,399231,9.5
8.0,399239,9.4
10.0,399249,9.5
8.0,399257,9.4
9.0,399266,9.3
10.0,399276,9.4
9.0,399285,9.4
9.0,399294,9.3
9.0,399303,9.1
9.0,399312,9.0
8.0,399320,8.9
10.0,399330,9.1
8.0,399338,8.9
9.0,399347,9.0
9.0,399356,9.0
10.0,399366,9.0
9.0,399375,9.0
9.0,399384,9.0
9.0,399393,9.0
9.0,399402,9.0
8.0,399410,9.0
44.0,399454,12.4
24.0,399478,14.0
27.0,399505,15.8
18.0,399523,16.7
20.0,399543,17.7
18.0,399561,18.6
15.0,399576,19.2
16.0,399592,19.9
17.0,399609,20.7
13.0,399622,21.2
13.0,399635,18.1
13.0,399648,17.0
12.0,399660,15.5
13.0,399673,15.0
14.0,399687,14.4
13.0,399700,13.9
11.0,399711,13.5
13.0,399724,13.2
12.0,399736,12.7
13.0,399749,12.7
9.0,399758,12.3
11.0,399769,12.1
12.0,399781,12.1
11.0,399792,11.9
12.0,399804,11.7
11.0,399815,11.5
9.0,399824,11.3
9.0,399833,10.9
12.0,399845,10.9
11.0,399856,10.7
10.0,399866,10.8
10.0,399876,10.7
10.0,399886,10.5
10.0,399896,10.4
12.0,399908,10.4
10.0,399918,10.3
10.0,399928,10.4
13.0,399941,10.8
11.0,399952,10.7
12.0,399964,10.8
12.0,399976,11.0
12.0,399988,11.2
12.0,400000,11.4
14.0,400014,11.8
12.0,400026,11.8
13.0,400039,12.1
13.0,400052,12.4
60.0,400112,17.1
76.0,400188,23.6
83.0,400271,30.7
108.0,400379,40.3
103.0,400482,49.4
132.0,400614,61.4
144.0,400758,74.4
141.0,400899,87.3
130.0,401029,99.0
138.0,401167,111.5
130.0,401297,118.5
152.0,401449,126.1
141.0,401590,131.9
187.0,401777,139.8
145.0,401922,144.0
145.0,402067,145.3
157.0,402224,146.6
149.0,402373,147.4
161.0,402534,150.5
227.0,402761,159.4
191.0,402952,165.5
170.0,403122,167.3
163.0,403285,169.5
165.0,403450,167.3
154.0,403604,168.2
141.0,403745,167.8
131.0,403876,165.2
130.0,404006,163.3
141.0,404147,161.3
136.0,404283,152.2
156.0,404439,148.7
137.0,404576,145.4
146.0,404722,143.7
144.0,404866,141.6
157.0,405023,141.9
144.0,405167,142.2
155.0,405322,144.6
149.0,405471,146.5
143.0,405614,146.7
151.0,405765,148.2
155.0,405920,148.1
169.0,406089,151.3
185.0,406274,155.2
164.0,406438,157.2
192.0,406630,160.7
167.0,406797,163.0
149.0,406946,162.4
156.0,407102,163.1
167.0,407269,165.5
182.0,407451,168.6
165.0,407616,169.6
160.0,407776,168.7
97.0,407873,159.9
97.0,407970,153.2
104.0,408074,144.4
99.0,408173,137.6
87.0,408260,131.4
85.0,408345,124.3
87.0,408432,116.3
99.0,408531,108.0
106.0,408637,102.1
104.0,408741,96.5
122.0,408863,99.0
127.0,408990,102.0
135.0,409125,105.1
111.0,409236,106.3
118.0,409354,109.4
129.0,409483,113.8
127.0,409610,117.8
120.0,409730,119.9
129.0,409859,122.2
130.0,409989,124.8
146.0,410135,127.2
141.0,410276,128.6
155.0,410431,130.6
183.0,410614,137.8
176.0,410790,143.6
163.0,410953,147.0
180.0,411133,152.3
248.0,411381,165.1
366.0,411747,188.8
280.0,412027,203.8
170.0,412197,206.2
137.0,412334,205.8
223.0,412557,212.6
149.0,412706,209.2
163.0,412869,207.9
154.0,413023,207.0
309.0,413332,219.9
150.0,413482,210.1
186.0,413668,192.1
206.0,413874,184.7
179.0,414053,185.6
168.0,414221,188.7
208.0,414429,187.2
172.0,414601,189.5
213.0,414814,194.5
196.0,415010,198.7
227.0,415237,190.5
141.0,415378,189.6
261.0,415639,197.1
173.0,415812,193.8
180.0,415992,193.9
344.0,416336,211.5
182.0,416518,208.9
324.0,416842,224.1
374.0,417216,240.2
500.0,417716,270.6
238.0,417954,271.7
331.0,418285,290.7
294.0,418579,294.0
108.0,418687,287.5
185.0,418872,288.0
9.0,418881,254.5
10.0,418891,237.3
9.0,418900,205.8
10.0,418910,169.4
10.0,418920,120.4
10.0,418930,97.6
9.0,418939,65.4
10.0,418949,37.0
9.0,418958,27.1
10.0,418968,9.6
11.0,418979,9.8
10.0,418989,9.8
8.0,418997,9.7
8.0,419005,9.5
11.0,419016,9.6
9.0,419025,9.5
10.0,419035,9.6
10.0,419045,9.6
10.0,419055,9.7
10.0,419065,9.7
9.0,419074,9.5
9.0,419083,9.4
9.0,419092,9.5
9.0,419101,9.6
9.0,419110,9.4
92.0,419202,17.7
47.0,419249,21.4
177.0,419426,38.1
500.0,419926,87.1
500.0,420426,136.1
489.0,420915,184.1
500.0,421415,233.2
500.0,421915,282.3
462.0,422377,327.6
195.0,422572,346.2
275.0,422847,364.5
384.0,423231,398.2
288.0,423519,409.3
265.0,423784,385.8
477.0,424261,383.5
194.0,424455,354.0
259.0,424714,329.9
297.0,425011,309.6
287.0,425298,292.1
412.0,425710,313.8
370.0,426080,323.3
375.0,426455,322.4
422.0,426877,335.8
495.0,427372,358.8
314.0,427686,342.5
500.0,428186,373.1
356.0,428542,382.8
468.0,429010,399.9
307.0,429317,401.9
194.0,429511,380.1
208.0,429719,363.9
180.0,429899,344.4
195.0,430094,321.7
217.0,430311,293.9
182.0,430493,280.7
253.0,430746,256.0
210.0,430956,241.4
208.0,431164,215.4
189.0,431353,203.6
323.0,431676,216.5
269.0,431945,222.6
256.0,432201,230.2
379.0,432580,248.6
298.0,432878,256.7
296.0,433174,268.1
280.0,433454,270.8
329.0,433783,282.7
203.0,433986,282.2
294.0,434280,292.7
173.0,434453,277.7
360.0,434813,286.8
288.0,435101,290.0
170.0,435271,269.1
186.0,435457,257.9
203.0,435660,248.6
161.0,435821,236.7
203.0,436024,224.1
247.0,436271,228.5
184.0,436455,217.5
177.0,436632,217.9
176.0,436808,199.5
226.0,437034,193.3
228.0,437262,199.1
188.0,437450,199.3
191.0,437641,198.1
145.0,437786,196.5
83.0,437869,184.5
118.0,437987,171.6
118.0,438105,165.0
116.0,438221,158.9
65.0,438286,147.8
26.0,438312,127.8
29.0,438341,107.9
33.0,438374,92.4
96.0,438470,82.9
186.0,438656,87.0
176.0,438832,96.3
112.0,438944,95.7
101.0,439045,94.0
210.0,439255,103.4
111.0,439366,108.0
246.0,439612,130.0
101.0,439713,137.2
179.0,439892,151.8
79.0,439971,150.1
17.0,439988,133.2
68.0,440056,122.4
156.0,440212,126.8
98.0,440310,126.5
25.0,440335,108.0
61.0,440396,103.0
55.0,440451,83.9
56.0,440507,79.4
108.0,440615,72.3
127.0,440742,77.1
131.0,440873,88.5
128.0,441001,94.5
164.0,441165,95.3
87.0,441252,94.2
114.0,441366,103.1
106.0,441472,107.6
23.0,441495,104.4
57.0,441552,104.5
125.0,441677,106.2
93.0,441770,102.8
90.0,441860,98.7
77.0,441937,93.6
157.0,442094,92.9
83.0,442177,92.5
148.0,442325,95.9
111.0,442436,96.4
129.0,442565,107.0
101.0,442666,111.4
116.0,442782,110.5
124.0,442906,113.6
97.0,443003,114.3
9.0,443012,107.5
11.0,443023,92.9
10.0,443033,85.6
9.0,443042,71.7
10.0,443052,61.6
10.0,443062,49.7
10.0,443072,40.6
9.0,443081,29.9
8.0,443089,18.3
8.0,443097,9.4
10.0,443107,9.5
12.0,443119,9.6
9.0,443128,9.5
10.0,443138,9.6
140.0,443278,22.6
117.0,443395,33.3
122.0,443517,44.5
136.0,443653,57.2
138.0,443791,70.2
134.0,443925,82.8
148.0,444073,96.6
140.0,444213,109.4
164.0,444377,124.9
139.0,444516,137.8
127.0,444643,136.5
119.0,444762,136.7
167.0,444929,141.2
136.0,445065,141.2
111.0,445176,138.5
143.0,445319,139.4
191.0,445510,143.7
128.0,445638,142.5
139.0,445777,140.0
96.0,445873,135.7
105.0,445978,133.5
111.0,446089,132.7
149.0,446238,130.9
82.0,446320,125.5
101.0,446421,124.5
103.0,446524,120.5
133.0,446657,114.7
53.0,446710,107.2
107.0,446817,104.0
78.0,446895,102.2
65.0,446960,98.2
67.0,447027,93.8
65.0,447092,85.4
77.0,447169,84.9
119.0,447288,86.7
106.0,447394,87.0
136.0,447530,87.3
113.0,447643,93.3
123.0,447766,94.9
177.0,447943,104.8
126.0,448069,110.9
39.0,448108,108.1
114.0,448222,113.0
198.0,448420,125.1
142.0,448562,127.4
154.0,448716,132.2
255.0,448971,144.1
154.0,449125,148.2
94.0,449219,145.3
183.0,449402,145.9
187.0,449589,152.0
255.0,449844,173.6
313.0,450157,193.5
339.0,450496,207.6
373.0,450869,230.7
376.0,451245,252.9
167.0,451412,244.1
189.0,451601,247.6
178.0,451779,256.0
154.0,451933,253.1
159.0,452092,250.3
151.0,452243,239.9
175.0,452418,226.1
178.0,452596,210.0
162.0,452758,188.9
195.0,452953,170.8
241.0,453194,178.2
500.0,453694,209.3
500.0,454194,241.5
500.0,454694,276.1
500.0,455194,310.2
281.0,455475,323.2
182.0,455657,323.9
177.0,455834,323.8
174.0,456008,325.0
158.0,456166,321.3
148.0,456314,312.0
146.0,456460,276.6
128.0,456588,239.4
162.0,456750,205.6
148.0,456898,170.4
133.0,457031,155.6
137.0,457168,151.1
136.0,457304,147.0
173.0,457477,146.9
104.0,457581,141.5
491.0,458072,175.8
21.0,458093,163.3
17.0,458110,152.2
17.0,458127,137.7
17.0,458144,124.6
9.0,458153,112.2
18.0,458171,100.3
17.0,458188,88.4
25.0,458213,73.6
43.0,458256,67.5
110.0,458366,29.4
72.0,458438,34.5
10.0,458448,33.8
10.0,458458,33.1
10.0,458468,32.4
10.0,458478,32.5
10.0,458488,31.7
9.0,458497,30.9
10.0,458507,29.4
10.0,458517,26.1
9.0,458526,16.0
10.0,458536,9.8
10.0,458546,9.8
9.0,458555,9.7
11.0,458566,9.8
9.0,458575,9.7
9.0,458584,9.6
10.0,458594,9.7
8.0,458602,9.5
9.0,458611,9.4
9.0,458620,9.4
10.0,458630,9.4
8.0,458638,9.2
9.0,458647,9.2
10.0,458657,9.1
19.0,458676,10.1
109.0,458785,20.1
25.0,458810,21.6
18.0,458828,22.6
22.0,458850,23.9
16.0,458866,24.6
18.0,458884,25.4
25.0,458909,27.1
31.0,458940,29.3
39.0,458979,32.2
57.0,459036,36.0
61.0,459097,31.2
63.0,459160,35.0
79.0,459239,41.1
149.0,459388,53.8
242.0,459630,76.4
396.0,460026,114.2
500.0,460526,161.7
500.0,461026,208.6
500.0,461526,254.7
490.0,462016,298.0
389.0,462405,330.8
374.0,462779,361.9
500.0,463279,404.0
450.0,463729,434.1
309.0,464038,440.8
167.0,464205,417.9
313.0,464518,399.2
144.0,464662,363.6
283.0,464945,341.9
216.0,465161,314.5
355.0,465516,311.1
146.0,465662,288.3
167.0,465829,255.0
239.0,466068,233.9
238.0,466306,226.8
249.0,466555,235.0
250.0,466805,228.7
364.0,467169,250.7
411.0,467580,263.5
307.0,467887,272.6
419.0,468306,279.0
366.0,468672,301.0
326.0,468998,316.9
287.0,469285,321.7
214.0,469499,319.3
437.0,469936,338.1
198.0,470134,332.9
200.0,470334,316.5
189.0,470523,294.3
231.0,470754,286.7
85.0,470839,253.3
34.0,470873,220.1
38.0,470911,191.3
25.0,470936,165.1
66.0,471002,150.3
89.0,471091,115.5
10.0,471101,96.7
9.0,471110,77.6
11.0,471121,59.8
500.0,471621,86.7
500.0,472121,128.2
209.0,472330,145.7
10.0,472340,142.9
10.0,472350,141.4
9.0,472359,135.7
9.0,472368,127.7
9.0,472377,127.6
10.0,472387,127.7
10.0,472397,127.6
9.0,472406,78.5
9.0,472415,29.4
9.0,472424,9.4
9.0,472433,9.3
9.0,472442,9.2
11.0,472453,9.4
8.0,472461,9.3
10.0,472471,9.4
10.0,472481,9.4
10.0,472491,9.4
10.0,472501,9.5
10.0,472511,9.6
9.0,472520,9.6
10.0,472530,9.7
9.0,472539,9.7
10.0,472549,9.6
8.0,472557,9.6
9.0,472566,9.5
9.0,472575,9.4
9.0,472584,9.3
10.0,472594,9.3
10.0,472604,9.3
13.0,472617,9.7
36.0,472653,12.3
68.0,472721,18.2
111.0,472832,28.3
23.0,472855,29.8
17.0,472872,30.6
9.0,472881,30.6
14.0,472895,31.1
10.0,472905,31.1
9.0,472914,31.0
10.0,472924,30.7
9.0,472933,28.0
9.0,472942,22.1
9.0,472951,11.9
10.0,472961,10.6
8.0,472969,9.7
9.0,472978,9.7
10.0,472988,9.3
9.0,472997,9.2
9.0,473006,9.2
10.0,473016,9.2
12.0,473028,9.5
9.0,473037,9.5
9.0,473046,9.5
8.0,473054,9.3
9.0,473063,9.4
9.0,473072,9.4
8.0,473080,9.2
9.0,473089,9.2
9.0,473098,9.2
8.0,473106,9.0
10.0,473116,8.8
9.0,473125,8.8
9.0,473134,8.8
9.0,473143,8.9
9.0,473152,8.9
10.0,473162,9.0
10.0,473172,9.2
26.0,473198,10.9
52.0,473250,15.2
95.0,473345,23.9
142.0,473487,37.1
138.0,473625,50.0
500.0,474125,99.1
500.0,474625,148.2
500.0,475125,197.3
500.0,475625,246.3
500.0,476125,295.3
500.0,476625,342.7
500.0,477125,387.5
500.0,477625,428.0
499.0,478124,463.7
390.0,478514,488.9
500.0,479014,488.9
500.0,479514,488.9
500.0,480014,488.9
496.0,480510,488.5
500.0,481010,488.5
500.0,481510,488.5
492.0,482002,487.7
232.0,482234,460.9
458.0,482692,456.8
234.0,482926,441.2
231.0,483157,414.3
213.0,483370,385.6
80.0,483450,343.6
209.0,483659,314.9
155.0,483814,280.4
243.0,484057,254.7
274.0,484331,232.9
375.0,484706,247.2
174.0,484880,218.8
103.0,484983,205.7
500.0,485483,232.6
500.0,485983,261.3
322.0,486305,285.5
243.0,486548,288.9
255.0,486803,298.9
244.0,487047,299.0
500.0,487547,321.6
405.0,487952,324.6
500.0,488452,357.2
500.0,488952,396.9
211.0,489163,368.0
500.0,489663,368.0
500.0,490163,385.8
500.0,490663,411.5
500.0,491163,436.0
215.0,491378,433.1
500.0,491878,433.1
134.0,492012,406.0
167.0,492179,372.7
158.0,492337,338.5
140.0,492477,331.4
180.0,492657,299.4
92.0,492749,258.6
170.0,492919,225.6
192.0,493111,194.8
393.0,493504,212.6
135.0,493639,176.1
389.0,494028,201.6
133.0,494161,198.2
65.0,494226,188.9
373.0,494599,212.2
138.0,494737,208.0
284.0,495021,227.2
22.0,495043,212.4
500.0,495543,243.2
500.0,496043,253.9
277.0,496320,268.1
438.0,496758,273.0
8.0,496766,260.5
9.0,496775,254.9
9.0,496784,218.5
9.0,496793,205.6
9.0,496802,178.1
10.0,496812,176.9
500.0,497312,176.9
343.0,497655,161.2
385.0,498040,172.0
500.0,498540,178.2
500.0,499040,227.4
500.0,499540,276.5
500.0,500040,325.6
500.0,500540,374.7
500.0,501040,423.8
500.0,501540,472.8
500.0,502040,472.8
434.0,502474,481.9
296.0,502770,473.0
247.0,503017,447.7
253.0,503270,423.0
211.0,503481,394.1
206.0,503687,364.7
179.0,503866,332.6
156.0,504022,298.2
155.0,504177,263.7
187.0,504364,232.4
136.0,504500,202.6
177.0,504677,190.7
115.0,504792,177.5
123.0,504915,164.5
114.0,505029,154.8
42.0,505071,138.4
110.0,505181,131.5
103.0,505284,126.2
108.0,505392,121.5
112.0,505504,114.0
114.0,505618,111.8
138.0,505756,107.9
101.0,505857,106.5
102.0,505959,104.4
126.0,506085,105.6
105.0,506190,111.9
117.0,506307,112.6
17.0,506324,104.0
54.0,506378,98.6
118.0,506496,99.2
33.0,506529,91.1
93.0,506622,86.6
113.0,506735,87.8
23.0,506758,79.9
22.0,506780,69.5
27.0,506807,61.7
35.0,506842,53.5
24.0,506866,54.2
21.0,506887,50.9
24.0,506911,41.5
17.0,506928,39.9
22.0,506950,32.8
68.0,507018,28.3
26.0,507044,28.6
21.0,507065,28.5
16.0,507081,27.4
15.0,507096,25.4
15.0,507111,24.5
13.0,507124,23.7
11.0,507135,22.4
11.0,507146,21.8
18.0,507164,21.4
52.0,507216,19.8
28.0,507244,20.0
181.0,507425,36.0
112.0,507537,45.6
100.0,507637,54.1
103.0,507740,62.9
94.0,507834,71.0
134.0,507968,83.3
138.0,508106,96.0
179.0,508285,112.1
187.0,508472,125.6
85.0,508557,131.3
172.0,508729,130.4
167.0,508896,135.9
149.0,509045,140.8
89.0,509134,139.4
175.0,509309,147.5
123.0,509432,146.4
223.0,509655,154.9
147.0,509802,151.7
137.0,509939,146.7
191.0,510130,157.3
167.0,510297,156.8
202.0,510499,160.3
151.0,510650,160.5
76.0,510726,159.2
187.0,510913,160.4
235.0,511148,171.6
163.0,511311,165.6
191.0,511502,170.0
211.0,511713,177.4
149.0,511862,173.2
180.0,512042,174.5
184.0,512226,172.7
291.0,512517,186.7
168.0,512685,195.9
250.0,512935,202.2
202.0,513137,198.9
179.0,513316,200.5
245.0,513561,205.9
244.0,513805,209.2
201.0,514006,214.4
218.0,514224,218.2
255.0,514479,225.3
270.0,514749,223.2
276.0,515025,234.0
296.0,515321,238.6
500.0,515821,268.4
500.0,516321,300.5
500.0,516821,326.0
500.0,517321,351.6
306.0,517627,362.1
209.0,517836,361.2
142.0,517978,349.9
266.0,518244,349.5
214.0,518458,343.3
12.0,518470,314.9
9.0,518479,265.8
9.0,518488,216.7
10.0,518498,167.7
9.0,518507,118.6
8.0,518515,88.8
10.0,518525,68.9
9.0,518534,55.6
9.0,518543,29.9
9.0,518552,9.4
9.0,518561,9.1
11.0,518572,9.3
12.0,518584,9.6
60.0,518644,14.6
500.0,519144,63.7
163.0,519307,79.2
208.0,519515,99.0
209.0,519724,119.0
220.0,519944,140.1
164.0,520108,155.6
275.0,520383,182.2
500.0,520883,231.1
61.0,520944,236.0
87.0,521031,238.7
67.0,521098,195.4
62.0,521160,185.3
66.0,521226,171.1
63.0,521289,156.5
61.0,521350,140.6
70.0,521420,131.2
192.0,521612,122.9
170.0,521782,89.9
185.0,521967,102.3
180.0,522147,111.6
149.0,522296,119.8
500.0,522796,163.6
369.0,523165,193.9
73.0,523238,194.9
260.0,523498,214.8
16.0,523514,209.4
19.0,523533,192.1
20.0,523553,177.1
26.0,523579,161.2
125.0,523704,155.7
24.0,523728,143.2
71.0,523799,100.3
268.0,524067,90.2
249.0,524316,107.8
260.0,524576,107.8
269.0,524845,133.1
109.0,524954,142.1
259.0,525213,166.0
214.0,525427,184.8
151.0,525578,187.4
120.0,525698,197.0
149.0,525847,204.8
150.0,525997,193.0
119.0,526116,180.0
156.0,526272,169.6
181.0,526453,160.8
172.0,526625,167.1
118.0,526743,153.0
122.0,526865,143.8
181.0,527046,146.8
186.0,527232,153.4
159.0,527391,154.4
261.0,527652,165.5
266.0,527918,180.2
264.0,528182,191.0
349.0,528531,207.8
17.0,528548,192.3
418.0,528966,222.3
384.0,529350,248.5
169.0,529519,247.3
443.0,529962,273.0
277.0,530239,284.8
318.0,530557,290.5
250.0,530807,288.9
147.0,530954,277.2
127.0,531081,255.0
180.0,531261,271.3
163.0,531424,245.8
156.0,531580,223.0
194.0,531774,225.5
500.0,532274,231.2
500.0,532774,253.5
500.0,533274,271.7
262.0,533536,272.9
251.0,533787,283.3
166.0,533953,287.2
129.0,534082,282.1
500.0,534582,315.8
500.0,535082,350.2
130.0,535212,343.8
344.0,535556,328.2
330.0,535886,311.2
10.0,535896,262.2
9.0,535905,236.9
9.0,535914,212.7
9.0,535923,197.0
10.0,535933,185.1
9.0,535942,136.0
9.0,535951,86.9
9.0,535960,74.8
10.0,535970,41.4
10.0,535980,9.4
10.0,535990,9.4
9.0,535999,9.4
10.0,536009,9.5
10.0,536019,9.6
9.0,536028,9.5
9.0,536037,9.5
10.0,536047,9.6
9.0,536056,9.6
9.0,536065,9.5
22.0,536087,10.7
11.0,536098,10.8
14.0,536112,11.3
9.0,536121,11.2
13.0,536134,11.5
108.0,536242,21.4
135.0,536377,34.0
129.0,536506,45.9
500.0,537006,95.0
500.0,537506,144.1
500.0,538006,191.9
500.0,538506,240.8
500.0,539006,289.4
500.0,539506,338.5
500.0,540006,387.2
500.0,540506,426.4
69.0,540575,419.8
16.0,540591,408.5
51.0,540642,363.6
14.0,540656,315.0
14.0,540670,266.4
72.0,540742,223.6
33.0,540775,176.9
102.0,540877,137.1
99.0,540976,97.0
83.0,541059,55.3
82.0,541141,56.6
127.0,541268,67.7
111.0,541379,73.7
174.0,541553,89.7
433.0,541986,131.6
334.0,542320,157.8
19.0,542339,156.4
20.0,542359,148.2
141.0,542500,152.4
64.0,542564,150.5
266.0,542830,168.9
102.0,542932,166.4
98.0,543030,165.1
128.0,543158,160.5
289.0,543447,146.1
500.0,543947,162.7
172.0,544119,178.0
99.0,544218,185.9
241.0,544459,195.9
500.0,544959,239.5
500.0,545459,262.9
500.0,545959,302.7
500.0,546459,342.9
500.0,546959,380.1
439.0,547398,395.1
469.0,547867,392.0
500.0,548367,424.8
500.0,548867,464.9
143.0,549010,455.1
13.0,549023,406.4
9.0,549032,357.3
10.0,549042,308.3
9.0,549051,259.2
10.0,549061,210.2
167.0,549228,183.0
500.0,549728,186.1
500.0,550228,186.1
500.0,550728,186.1
500.0,551228,221.8
500.0,551728,270.5
500.0,552228,319.6
347.0,552575,353.3
15.0,552590,353.9
32.0,552622,356.1
49.0,552671,344.3
164.0,552835,310.7
500.0,553335,310.7
500.0,553835,310.7
18.0,553853,262.5
42.0,553895,216.7
41.0,553936,170.8
14.0,553950,137.5
26.0,553976,138.6
30.0,554006,138.4
12.0,554018,134.7
34.0,554052,121.7
14.0,554066,73.1
140.0,554206,37.1
500.0,554706,85.3
500.0,555206,131.1
74.0,555280,134.4
10.0,555290,134.0
10.0,555300,132.4
9.0,555309,130.3
10.0,555319,130.1
9.0,555328,127.6
10.0,555338,127.2
10.0,555348,114.2
10.0,555358,65.2
44.0,555402,19.6
11.0,555413,13.3
22.0,555435,14.5
13.0,555448,14.8
12.0,555460,15.1
18.0,555478,15.9
15.0,555493,16.5
22.0,555515,17.7
28.0,555543,19.5
109.0,555652,29.4
386.0,556038,63.6
258.0,556296,88.3
337.0,556633,119.8
500.0,557133,168.5
500.0,557633,217.3
500.0,558133,265.5
500.0,558633,314.0
481.0,559114,359.9
500.0,559614,407.1
500.0,560114,446.2
500.0,560614,457.6
500.0,561114,481.8
500.0,561614,498.1
500.0,562114,498.1
500.0,562614,498.1
500.0,563114,498.1
500.0,563614,498.1
500.0,564114,500.0
500.0,564614,500.0
365.0,564979,486.5
9.0,564988,437.4
10.0,564998,388.4
10.0,565008,339.4
10.0,565018,290.4
10.0,565028,241.4
11.0,565039,192.5
134.0,565173,155.9
116.0,565289,117.5
439.0,565728,111.4
500.0,566228,124.9
500.0,566728,174.0
122.0,566850,185.2
10.0,566860,185.2
9.0,566869,185.1
8.0,566877,184.9
10.0,566887,184.8
10.0,566897,172.4
10.0,566907,161.8
11.0,566918,119.0
10.0,566928,70.0
40.0,566968,24.0
18.0,566986,13.6
15.0,567001,14.1
17.0,567018,14.9
18.0,567036,15.9
11.0,567047,16.0
13.0,567060,16.3
16.0,567076,16.9
11.0,567087,16.9
10.0,567097,16.9
10.0,567107,13.9
13.0,567120,13.4
13.0,567133,13.2
12.0,567145,12.7
10.0,567155,11.9
10.0,567165,11.8
8.0,567173,11.3
9.0,567182,10.6
9.0,567191,10.4
9.0,567200,10.3
9.0,567209,10.2
10.0,567219,9.9
9.0,567228,9.5
10.0,567238,9.3
8.0,567246,9.1
10.0,567256,9.1
10.0,567266,9.3
11.0,567277,9.5
9.0,567286,9.5
10.0,567296,9.6
11.0,567307,9.8
101.0,567408,18.9
136.0,567544,31.6
128.0,567672,43.4
155.0,567827,58.1
154.0,567981,72.5
440.0,568421,115.5
253.0,568674,139.7
500.0,569174,188.8
268.0,569442,214.6
472.0,569914,260.7
500.0,570414,300.6
219.0,570633,308.9
481.0,571114,344.2
227.0,571341,351.4
387.0,571728,374.7
299.0,572027,360.6
488.0,572515,384.1
500.0,573015,384.1
500.0,573515,407.3
500.0,574015,410.1
500.0,574515,410.1
500.0,575015,438.2
500.0,575515,440.1
500.0,576015,467.4
294.0,576309,458.1
500.0,576809,478.2
500.0,577309,479.4
500.0,577809,479.4
496.0,578305,479.0
167.0,578472,445.7
8.0,578480,396.5
9.0,578489,347.4
11.0,578500,298.5
233.0,578733,271.8
21.0,578754,244.5
10.0,578764,195.5
16.0,578780,147.1
9.0,578789,98.0
125.0,578914,60.9
353.0,579267,79.5
500.0,579767,128.7
170.0,579937,144.8
129.0,580066,156.6
412.0,580478,174.5
227.0,580705,195.1
500.0,581205,244.1
340.0,581545,276.5
265.0,581810,302.1
111.0,581921,300.7
357.0,582278,301.1
261.0,582539,277.2
175.0,582714,277.7
189.0,582903,283.7
182.0,583085,260.7
172.0,583257,255.2
172.0,583429,222.4
65.0,583494,194.9
149.0,583643,183.3
500.0,584143,222.2
500.0,584643,236.5
109.0,584752,221.3
227.0,584979,226.5
170.0,585149,224.6
172.0,585321,223.6
155.0,585476,221.9
433.0,585909,248.0
163.0,586072,257.8
131.0,586203,256.0
191.0,586394,225.1
488.0,586882,223.9
500.0,587382,263.0
147.0,587529,255.0
123.0,587652,250.3
277.0,587929,260.8
414.0,588343,286.7
192.0,588535,262.6
252.0,588787,271.5
307.0,589094,289.1
484.0,589578,318.4
59.0,589637,275.5
18.0,589655,227.3
266.0,589921,239.2
407.0,590328,267.6
64.0,590392,246.3
11.0,590403,206.0
197.0,590600,206.5
500.0,591100,231.3
202.0,591302,220.8
500.0,591802,222.4
265.0,592067,243.0
483.0,592550,289.5
458.0,593008,308.7
500.0,593508,318.0
500.0,594008,361.6
500.0,594508,410.5
500.0,595008,440.8
311.0,595319,421.9
377.0,595696,439.4
9.0,595705,390.3
36.0,595741,367.4
11.0,595752,320.2
145.0,595897,288.9
500.0,596397,288.9
500.0,596897,288.9
500.0,597397,288.9
500.0,597897,288.9
500.0,598397,307.8
500.0,598897,320.1
500.0,599397,369.2
500.0,599897,415.6
70.0,599967,421.5
313.0,600280,438.3
214.0,600494,409.7
133.0,600627,373.0
163.0,600790,339.3
80.0,600870,297.3
75.0,600945,254.8
183.0,601128,223.1
15.0,601143,174.6
31.0,601174,127.7
411.0,601585,161.8
247.0,601832,155.2
352.0,602184,169.0
180.0,602364,173.7
218.0,602582,179.2
41.0,602623,175.3
106.0,602729,178.4
196.0,602925,179.7
420.0,603345,220.2
204.0,603549,237.5
185.0,603734,214.9
316.0,604050,221.8
151.0,604201,201.7
434.0,604635,227.1
388.0,605023,244.1
74.0,605097,247.4
11.0,605108,237.9
9.0,605117,219.2
471.0,605588,224.3
161.0,605749,220.0
205.0,605954,222.0
359.0,606313,226.3
172.0,606485,228.4
419.0,606904,226.9
132.0,607036,201.3
92.0,607128,203.1
167.0,607295,218.7
296.0,607591,247.4
234.0,607825,223.7
9.0,607834,208.5
13.0,607847,189.3
238.0,608085,177.2
500.0,608585,210.0
500.0,609085,218.1
74.0,609159,212.3
28.0,609187,205.9
24.0,609211,191.6
103.0,609314,172.3
500.0,609814,198.9
264.0,610078,224.4
340.0,610418,257.1
199.0,610617,253.2
234.0,610851,226.6
281.0,611132,204.7
307.0,611439,228.0
398.0,611837,265.0
229.0,612066,285.5
20.0,612086,277.2
18.0,612104,229.0
8.0,612112,203.4
8.0,612120,170.2
42.0,612162,154.5
96.0,612258,140.7
205.0,612463,133.1
500.0,612963,152.4
500.0,613463,162.6
500.0,613963,189.7
500.0,614463,237.7
500.0,614963,285.9
500.0,615463,335.1
134.0,615597,347.7
500.0,616097,393.5
293.0,616390,413.2
500.0,616890,442.7
95.0,616985,402.2
500.0,617485,402.2
295.0,617780,381.7
489.0,618269,380.6
500.0,618769,380.6
30.0,618799,333.6
9.0,618808,321.1
500.0,619308,321.1
500.0,619808,341.8
175.0,619983,309.3
495.0,620478,349.3
468.0,620946,346.1
500.0,621446,366.6
438.0,621884,361.5
222.0,622106,333.7
500.0,622606,380.7
500.0,623106,429.8
124.0,623230,392.2
79.0,623309,350.1
500.0,623809,382.6
500.0,624309,383.1
367.0,624676,373.0
32.0,624708,326.2
131.0,624839,295.5
500.0,625339,323.3
500.0,625839,323.3
500.0,626339,323.3
31.0,626370,314.0
500.0,626870,356.1
500.0,627370,356.1
165.0,627535,322.6
500.0,628035,335.9
500.0,628535,382.7
500.0,629035,419.6
500.0,629535,419.6
500.0,630035,419.6
500.0,630535,419.6
500.0,631035,466.5
147.0,631182,431.2
89.0,631271,390.1
97.0,631368,383.3
12.0,631380,334.5
19.0,631399,286.4
500.0,631899,286.4
395.0,632294,275.9
9.0,632303,226.8
20.0,632323,178.8
500.0,632823,178.8
500.0,633323,214.1
500.0,633823,255.2
148.0,633971,260.3
500.0,634471,309.1
298.0,634769,337.0
500.0,635269,337.0
500.0,635769,347.5
137.0,635906,360.3
500.0,636406,408.3
500.0,636906,408.3
68.0,636974,365.1
500.0,637474,365.1
434.0,637908,393.7
500.0,638408,393.7
178.0,638586,381.7
108.0,638694,342.5
51.0,638745,297.6
23.0,638768,286.2
52.0,638820,241.4
500.0,639320,241.4
500.0,639820,284.6
500.0,640320,284.6
287.0,640607,269.9
226.0,640833,242.5
249.0,641082,249.6
500.0,641582,288.8
296.0,641878,313.3
500.0,642378,361.0
260.0,642638,381.8
500.0,643138,381.8
500.0,643638,381.8
165.0,643803,348.3
241.0,644044,343.7
394.0,644438,360.5
32.0,644470,338.8
11.0,644481,289.9
9.0,644490,261.2
10.0,644500,212.2
10.0,644510,187.2
11.0,644521,138.3
9.0,644530,89.2
9.0,644539,73.6
9.0,644548,50.4
280.0,644828,39.0
500.0,645328,85.8
500.0,645828,134.7
500.0,646328,183.8
500.0,646828,232.8
500.0,647328,281.8
316.0,647644,312.3
328.0,647972,344.2
74.0,648046,350.7
157.0,648203,365.5
48.0,648251,342.3
500.0,648751,342.3
500.0,649251,342.3
500.0,649751,342.3
75.0,649826,299.8
232.0,650058,273.0
166.0,650224,258.0
174.0,650398,242.6
129.0,650527,248.1
145.0,650672,246.9
138.0,650810,255.9
139.0,650949,219.8
328.0,651277,202.6
185.0,651462,171.1
227.0,651689,186.3
500.0,652189,213.1
500.0,652689,246.5
500.0,653189,279.1
500.0,653689,316.2
500.0,654189,351.7
401.0,654590,378.0
34.0,654624,367.5
12.0,654636,335.9
9.0,654645,318.3
9.0,654654,296.5
500.0,655154,296.5
500.0,655654,296.5
500.0,656154,296.5
500.0,656654,296.5
500.0,657154,296.5
500.0,657654,306.4
144.0,657798,317.4
255.0,658053,341.7
367.0,658420,377.5
123.0,658543,388.9
500.0,659043,388.9
500.0,659543,388.9
500.0,660043,388.9
80.0,660123,346.9
359.0,660482,332.8
500.0,660982,332.8
500.0,661482,368.4
330.0,661812,375.9
424.0,662236,381.6
378.0,662614,407.1
284.0,662898,385.5
11.0,662909,336.6
15.0,662924,288.1
500.0,663424,330.1
500.0,663924,344.2
500.0,664424,344.2
256.0,664680,319.8
500.0,665180,336.8
293.0,665473,323.7
210.0,665683,306.9
387.0,666070,317.2
500.0,666570,366.1
189.0,666759,383.5
500.0,667259,383.5
500.0,667759,383.5
500.0,668259,383.5
64.0,668323,364.3
500.0,668823,364.3
500.0,669323,385.0
19.0,669342,365.9
324.0,669666,359.6
500.0,670166,359.6
202.0,670368,360.9
500.0,670868,360.9
372.0,671240,348.1
500.0,671740,348.1
500.0,672240,391.7
500.0,672740,391.7
184.0,672924,360.1
500.0,673424,408.2
81.0,673505,383.9
96.0,673601,343.5
500.0,674101,373.3
500.0,674601,373.3
269.0,674870,363.0
480.0,675350,361.0
10.0,675360,312.0
14.0,675374,263.4
15.0,675389,246.5
18.0,675407,198.3
500.0,675907,240.2
500.0,676407,280.6
500.0,676907,280.6
500.0,677407,280.6
500.0,677907,303.7
500.0,678407,305.7
500.0,678907,354.7
231.0,679138,376.4
500.0,679638,424.9
98.0,679736,432.9
22.0,679758,385.1
10.0,679768,336.1
69.0,679837,293.0
500.0,680337,293.0
326.0,680663,275.6
500.0,681163,275.6
500.0,681663,275.6
186.0,681849,271.1
500.0,682349,271.1
160.0,682509,277.3
500.0,683009,325.1
238.0,683247,347.9
310.0,683557,372.0
500.0,684057,372.0
175.0,684232,356.9
500.0,684732,356.9
500.0,685232,356.9
500.0,685732,388.3
158.0,685890,354.1
500.0,686390,388.1
17.0,686407,339.8
111.0,686518,327.1
500.0,687018,346.1
500.0,687518,346.1
103.0,687621,338.9
124.0,687745,301.3
18.0,687763,253.1
68.0,687831,209.9
91.0,687922,203.2
500.0,688422,203.2
500.0,688922,251.5
167.0,689089,257.1
500.0,689589,257.1
97.0,689686,216.8
10.0,689696,207.5
11.0,689707,196.2
62.0,689769,200.6
42.0,689811,198.0
500.0,690311,238.9
500.0,690811,238.9
500.0,691311,238.9
500.0,691811,272.2
500.0,692311,272.2
500.0,692811,312.5
500.0,693311,361.5
500.0,693811,410.4
500.0,694311,454.2
500.0,694811,500.0
500.0,695311,500.0
85.0,695396,458.5
500.0,695896,458.5
128.0,696024,421.3
208.0,696232,392.1
500.0,696732,392.1
500.0,697232,392.1
500.0,697732,392.1
447.0,698179,386.8
500.0,698679,386.8
500.0,699179,386.8
500.0,699679,428.3
500.0,700179,428.3
43.0,700222,419.8
15.0,700237,400.5
33.0,700270,353.8
500.0,700770,353.8
294.0,701064,333.2
307.0,701371,319.2
56.0,701427,274.8
27.0,701454,227.5
156.0,701610,193.1
85.0,701695,151.6
500.0,702195,197.3
500.0,702695,245.8
500.0,703195,292.5
500.0,703695,292.5
500.0,704195,313.1
500.0,704695,332.4
500.0,705195,376.8
500.0,705695,424.1
500.0,706195,458.5
500.0,706695,500.0
500.0,707195,500.0
500.0,707695,500.0
500.0,708195,500.0
247.0,708442,474.7
114.0,708556,436.1
500.0,709056,436.1
500.0,709556,436.1
500.0,710056,436.1
500.0,710556,436.1
500.0,711056,436.1
500.0,711556,436.1
500.0,712056,436.1
493.0,712549,435.4
500.0,713049,460.7
310.0,713359,480.3
146.0,713505,444.9
19.0,713524,396.8
500.0,714024,396.8
500.0,714524,396.8
316.0,714840,378.4
471.0,715311,375.5
500.0,715811,375.5
235.0,716046,349.7
68.0,716114,306.5
11.0,716125,276.6
14.0,716139,263.4
12.0,716151,262.7
10.0,716161,213.7
10.0,716171,164.7
9.0,716180,134.0
21.0,716201,89.0
500.0,716701,89.0
500.0,717201,115.5
500.0,717701,158.7
500.0,718201,207.6
500.0,718701,256.2
500.0,719201,305.0
500.0,719701,354.0
228.0,719929,375.8
500.0,720429,424.9
500.0,720929,472.8
500.0,721429,472.8
500.0,721929,472.8
500.0,722429,472.8
500.0,722929,472.8
500.0,723429,472.8
500.0,723929,472.8
500.0,724429,472.8
500.0,724929,500.0
500.0,725429,500.0
500.0,725929,500.0
500.0,726429,500.0
500.0,726929,500.0
500.0,727429,500.0
500.0,727929,500.0
445.0,728374,494.5
500.0,728874,494.5
500.0,729374,494.5
500.0,729874,494.5
500.0,730374,494.5
193.0,730567,463.8
8.0,730575,414.6
9.0,730584,365.5
10.0,730594,316.5
8.0,730602,267.3
10.0,730612,223.8
10.0,730622,174.8
10.0,730632,125.8
9.0,730641,76.7
10.0,730651,27.7
10.0,730661,9.4
10.0,730671,9.6
10.0,730681,9.7
9.0,730690,9.6
10.0,730700,9.8
10.0,730710,9.8
8.0,730718,9.6
10.0,730728,9.6
10.0,730738,9.7
11.0,730749,9.8
9.0,730758,9.7
73.0,730831,16.0
110.0,730941,26.0
133.0,731074,38.4
129.0,731203,50.3
257.0,731460,75.0
274.0,731734,101.6
196.0,731930,120.2
163.0,732093,135.5
500.0,732593,184.4
500.0,733093,233.5
500.0,733593,276.2
500.0,734093,315.2
500.0,734593,351.9
500.0,735093,389.0
500.0,735593,413.3
15.0,735608,387.4
10.0,735618,368.8
9.0,735627,353.4
11.0,735638,304.5
10.0,735648,255.5
10.0,735658,206.5
9.0,735667,157.4
10.0,735677,108.4
9.0,735686,59.3
9.0,735695,10.2
9.0,735704,9.6
9.0,735713,9.5
10.0,735723,9.6
10.0,735733,9.5
10.0,735743,9.5
10.0,735753,9.5
10.0,735763,9.6
8.0,735771,9.4
9.0,735780,9.4
9.0,735789,9.4
11.0,735800,9.6
130.0,735930,21.7
238.0,736168,44.5
490.0,736658,92.5
500.0,737158,141.5
500.0,737658,190.5
500.0,738158,239.5
269.0,738427,265.6
160.0,738587,280.7
329.0,738916,312.7
284.0,739200,340.0
98.0,739298,336.8
79.0,739377,320.9
99.0,739476,281.8
500.0,739976,281.8
83.0,740059,240.1
73.0,740132,197.4
67.0,740199,177.2
78.0,740277,169.0
77.0,740354,143.8
88.0,740442,124.2
82.0,740524,122.6
87.0,740611,123.4
72.0,740683,120.7
97.0,740780,80.4
107.0,740887,82.8
179.0,741066,93.4
95.0,741161,96.2
108.0,741269,99.2
88.0,741357,100.3
85.0,741442,100.0
92.0,741534,101.0
90.0,741624,101.3
321.0,741945,126.2
289.0,742234,145.4
124.0,742358,147.1
500.0,742858,179.2
106.0,742964,180.3
125.0,743089,182.0
105.0,743194,183.7
121.0,743315,187.3
117.0,743432,189.8
119.0,743551,192.7
210.0,743761,181.6
116.0,743877,164.3
121.0,743998,164.0
121.0,744119,126.1
116.0,744235,127.1
122.0,744357,126.8
143.0,744500,130.6
144.0,744644,132.9
214.0,744858,142.6
128.0,744986,143.5
130.0,745116,135.5
134.0,745250,137.3
137.0,745387,138.9
145.0,745532,141.3
181.0,745713,147.8
500.0,746213,185.6
152.0,746365,186.5
279.0,746644,200.0
179.0,746823,196.5
344.0,747167,218.1
160.0,747327,221.1
196.0,747523,227.3
136.0,747659,227.2
157.0,747816,228.4
309.0,748125,241.2
180.0,748305,209.2
83.0,748388,202.3
500.0,748888,224.4
500.0,749388,256.5
206.0,749594,242.7
261.0,749855,252.8
460.0,750315,279.2
500.0,750815,315.6
316.0,751131,331.5
178.0,751309,318.4
338.0,751647,334.2
419.0,752066,367.8
500.0,752566,367.8
213.0,752779,339.1
224.0,753003,340.9
350.0,753353,349.8
257.0,753610,329.5
158.0,753768,295.3
196.0,753964,283.3
319.0,754283,297.4
270.0,754553,290.6
369.0,754922,285.6
256.0,755178,261.2
230.0,755408,262.9
185.0,755593,259.0
360.0,755953,260.0
500.0,756453,284.3
264.0,756717,294.9
415.0,757132,316.8
217.0,757349,306.6
209.0,757558,300.5
416.0,757974,305.2
135.0,758109,293.1
258.0,758367,295.9
165.0,758532,293.9
93.0,758625,267.2
12.0,758637,218.4
37.0,758674,195.7
128.0,758802,167.0
17.0,758819,147.0
11.0,758830,127.2
182.0,759012,103.8
432.0,759444,133.5
181.0,759625,125.8
244.0,759869,133.7
476.0,760345,172.0
444.0,760789,215.2
176.0,760965,229.1
276.0,761241,243.9
92.0,761333,251.4
10.0,761343,251.3
9.0,761352,234.0
9.0,761361,191.7
9.0,761370,174.5
9.0,761379,151.0
8.0,761387,104.2
9.0,761396,60.7
10.0,761406,44.1
8.0,761414,17.3
9.0,761423,9.0
9.0,761432,8.9
9.0,761441,8.9
9.0,761450,8.9
10.0,761460,9.0
9.0,761469,9.0
10.0,761479,9.2
8.0,761487,9.1
10.0,761497,9.1
9.0,761506,9.2
8.0,761514,9.1
10.0,761524,9.2
10.0,761534,9.3
10.0,761544,9.4
10.0,761554,9.4
11.0,761565,9.6
13.0,761578,9.9
31.0,761609,12.2
11.0,761620,12.3
9.0,761629,12.3
9.0,761638,12.4
10.0,761648,12.4
9.0,761657,12.3
9.0,761666,12.2
8.0,761674,12.0
9.0,761683,11.8
10.0,761693,11.5
10.0,761703,9.4
10.0,761713,9.3
10.0,761723,9.4
9.0,761732,9.4
9.0,761741,9.3
10.0,761751,9.4
10.0,761761,9.5
10.0,761771,9.7
8.0,761779,9.6
9.0,761788,9.5
10.0,761798,9.5
10.0,761808,9.5
9.0,761817,9.4
10.0,761827,9.5
12.0,761839,9.8
11.0,761850,9.9
9.0,761859,9.8
9.0,761868,9.7
9.0,761877,9.8
9.0,761886,9.8
9.0,761895,9.7
10.0,761905,9.7
9.0,761914,9.7
10.0,761924,9.7
12.0,761936,9.7
12.0,761948,9.8
10.0,761958,9.9
11.0,761969,10.1
10.0,761979,10.2
11.0,761990,10.4
11.0,762001,10.6
10.0,762011,10.6
12.0,762023,10.9
17.0,762040,11.6
53.0,762093,15.7
28.0,762121,17.3
76.0,762197,23.9
118.0,762315,34.6
163.0,762478,49.9
176.0,762654,66.4
207.0,762861,86.0
207.0,763068,105.7
192.0,763260,123.7
180.0,763440,140.0
200.0,763640,154.7
500.0,764140,201.9
500.0,764640,244.3
498.0,765138,282.3
324.0,765462,298.4
285.0,765747,309.3
323.0,766070,320.9
306.0,766376,330.8
332.0,766708,344.8
377.0,767085,364.5
304.0,767389,374.9
282.0,767671,353.1
297.0,767968,332.8
321.0,768289,315.1
304.0,768593,313.1
307.0,768900,315.3
315.0,769215,314.5
489.0,769704,332.8
491.0,770195,348.7
333.0,770528,344.3
500.0,771028,363.9
409.0,771437,376.6
229.0,771666,369.8
246.0,771912,362.3
206.0,772118,352.5
172.0,772290,339.0
172.0,772462,324.7
194.0,772656,295.2
176.0,772832,263.7
195.0,773027,249.9
203.0,773230,220.2
216.0,773446,200.9
246.0,773692,202.6
270.0,773962,205.0
278.0,774240,212.2
284.0,774524,223.4
283.0,774807,234.5
276.0,775083,242.7
288.0,775371,253.9
303.0,775674,264.7
269.0,775943,271.3
259.0,776202,275.6
256.0,776458,276.6
283.0,776741,277.9
254.0,776995,275.5
210.0,777205,268.1
187.0,777392,258.5
201.0,777593,251.0
154.0,777747,237.6
164.0,777911,223.7
161.0,778072,212.9
190.0,778262,206.0
193.0,778455,199.7
202.0,778657,191.6
353.0,779010,201.5
203.0,779213,200.8
189.0,779402,201.0
303.0,779705,211.2
83.0,779788,204.1
10.0,779798,188.7
220.0,780018,194.6
9.0,780027,176.5
10.0,780037,158.2
10.0,780047,139.0
23.0,780070,106.0
10.0,780080,86.7
9.0,780089,68.7
11.0,780100,39.5
9.0,780109,32.1
116.0,780225,42.7
25.0,780250,23.2
10.0,780260,23.3
157.0,780417,38.0
166.0,780583,53.6
282.0,780865,79.5
273.0,781138,105.8
272.0,781410,132.1
173.0,781583,148.3
176.0,781759,165.0
247.0,782006,178.1
239.0,782245,199.5
448.0,782693,243.3
245.0,782938,252.1
248.0,783186,260.3
254.0,783440,257.5
336.0,783776,263.8
289.0,784065,265.5
294.0,784359,277.6
253.0,784612,285.3
330.0,784942,293.6
419.0,785361,311.6
164.0,785525,283.2
248.0,785773,283.5
312.0,786085,289.9
170.0,786255,281.5
399.0,786654,287.8
370.0,787024,295.9
500.0,787524,316.5
420.0,787944,333.2
500.0,788444,350.2
334.0,788778,341.7
500.0,789278,375.3
500.0,789778,400.5
500.0,790278,419.3
500.0,790778,452.3
500.0,791278,462.4
136.0,791414,439.0
14.0,791428,390.4
9.0,791437,349.3
18.0,791455,301.1
20.0,791475,269.7
50.0,791525,224.7
14.0,791539,176.1
11.0,791550,127.2
11.0,791561,78.3
10.0,791571,29.3
9.0,791580,16.6
9.0,791589,16.1
10.0,791599,16.2
9.0,791608,15.3
18.0,791626,15.1
9.0,791635,11.0
10.0,791645,10.6
99.0,791744,19.4
114.0,791858,29.7
219.0,792077,50.6
436.0,792513,93.3
500.0,793013,142.4
500.0,793513,191.4
500.0,794013,240.5
500.0,794513,288.7
500.0,795013,337.8
500.0,795513,386.8
500.0,796013,426.9
500.0,796513,465.5
500.0,797013,493.6
500.0,797513,500.0
500.0,798013,500.0
500.0,798513,500.0
500.0,799013,500.0
410.0,799423,491.0
500.0,799923,491.0
500.0,800423,491.0
335.0,800758,474.5
297.0,801055,454.2
500.0,801555,454.2
203.0,801758,424.5
500.0,802258,424.5
276.0,802534,402.1
243.0,802777,376.4
290.0,803067,364.4
144.0,803211,328.8
344.0,803555,313.2
500.0,804055,329.7
500.0,804555,350.0
500.0,805055,350.0
414.0,805469,371.1
500.0,805969,371.1
500.0,806469,393.5
296.0,806765,398.8
50.0,806815,374.8
14.0,806829,361.8
10.0,806839,328.4
10.0,806849,279.4
17.0,806866,231.1
11.0,806877,182.2
21.0,806898,142.9
27.0,806925,95.6
500.0,807425,95.6
500.0,807925,116.0
500.0,808425,161.0
500.0,808925,209.6
500.0,809425,258.6
500.0,809925,307.6
500.0,810425,355.9
500.0,810925,404.8
500.0,811425,452.7
431.0,811856,493.1
500.0,812356,493.1
500.0,812856,493.1
336.0,813192,476.7
12.0,813204,427.9
10.0,813214,378.9
10.0,813224,329.9
9.0,813233,280.8
11.0,813244,231.9
8.0,813252,182.7
10.0,813262,140.6
8.0,813270,91.4
9.0,813279,42.3
9.0,813288,9.6
8.0,813296,9.2
8.0,813304,9.0
10.0,813314,9.0
10.0,813324,9.1
26.0,813350,10.6
10.0,813360,10.8
9.0,813369,10.7
9.0,813378,10.8
11.0,813389,11.0
25.0,813414,12.6
171.0,813585,28.9
500.0,814085,78.1
500.0,814585,127.1
462.0,815047,172.3
500.0,815547,219.7
500.0,816047,268.7
500.0,816547,317.8
500.0,817047,366.9
500.0,817547,415.8
352.0,817899,448.5
11.0,817910,432.5
10.0,817920,383.5
9.0,817929,334.4
10.0,817939,289.2
10.0,817949,240.2
10.0,817959,191.2
9.0,817968,142.1
9.0,817977,93.0
10.0,817987,44.0
10.0,817997,9.8
15.0,818012,10.2
10.0,818022,10.2
9.0,818031,10.2
10.0,818041,10.2
9.0,818050,10.1
10.0,818060,10.1
9.0,818069,10.1
9.0,818078,10.1
9.0,818087,10.0
9.0,818096,9.9
119.0,818215,20.3
395.0,818610,58.8
500.0,819110,107.9
500.0,819610,156.9
500.0,820110,206.0
500.0,820610,255.0
500.0,821110,304.1
500.0,821610,353.2
500.0,822110,402.3
500.0,822610,451.4
500.0,823110,489.5
482.0,823592,498.2
284.0,823876,476.6
250.0,824126,451.6
281.0,824407,429.7
385.0,824792,418.2
292.0,825084,397.4
380.0,825464,385.4
359.0,825823,371.3
339.0,826162,355.2
313.0,826475,336.5
332.0,826807,321.5
298.0,827105,322.9
310.0,827415,328.9
377.0,827792,338.5
500.0,828292,350.0
500.0,828792,370.8
253.0,829045,358.1
14.0,829059,323.6
10.0,829069,290.7
10.0,829079,260.4
204.0,829283,247.6
500.0,829783,267.8
500.0,830283,286.8
349.0,830632,284.0
15.0,830647,235.5
9.0,830656,186.4
10.0,830666,162.1
161.0,830827,176.8
10.0,830837,176.8
27.0,830864,178.5
10.0,830874,159.1
19.0,830893,111.0
8.0,830901,61.8
27.0,830928,29.6
9.0,830937,29.0
10.0,830947,29.1
8.0,830955,28.9
9.0,830964,13.7
13.0,830977,14.0
10.0,830987,12.3
21.0,831008,13.4
10.0,831018,12.5
13.0,831031,13.0
119.0,831150,22.2
198.0,831348,41.1
298.0,831646,69.9
500.0,832146,119.1
500.0,832646,168.2
500.0,833146,216.9
500.0,833646,265.9
334.0,833980,297.2
340.0,834320,330.2
500.0,834820,378.9
500.0,835320,417.0
500.0,835820,447.2
21.0,835841,419.5
9.0,835850,370.4
12.0,835862,321.6
11.0,835873,272.7
11.0,835884,223.8
8.0,835892,191.2
9.0,835901,158.1
445.0,836346,152.6
346.0,836692,137.2
500.0,837192,137.2
500.0,837692,185.1
500.0,838192,234.2
500.0,838692,283.0
500.0,839192,331.9
500.0,839692,380.8
500.0,840192,430.0
500.0,840692,479.1
500.0,841192,484.6
500.0,841692,500.0
500.0,842192,500.0
500.0,842692,500.0
500.0,843192,500.0
500.0,843692,500.0
500.0,844192,500.0
363.0,844555,486.3
148.0,844703,451.1
500.0,845203,451.1
500.0,845703,451.1
500.0,846203,451.1
500.0,846703,451.1
500.0,847203,451.1
500.0,847703,451.1
500.0,848203,451.1
100.0,848303,411.1
58.0,848361,380.6
26.0,848387,368.4
10.0,848397,319.4
83.0,848480,277.7
31.0,848511,230.8
97.0,848608,190.5
147.0,848755,155.2
171.0,848926,122.3
500.0,849426,122.3
500.0,849926,162.3
500.0,850426,206.5
398.0,850824,243.7
398.0,851222,282.5
411.0,851633,315.3
443.0,852076,356.5
118.0,852194,358.6
235.0,852429,367.4
141.0,852570,364.4
120.0,852690,326.4
290.0,852980,305.4
59.0,853039,261.3
350.0,853389,256.5
204.0,853593,237.1
309.0,853902,226.9
197.0,854099,202.3
417.0,854516,232.2
137.0,854653,222.4
124.0,854777,220.7
126.0,854903,221.3
110.0,855013,203.3
69.0,855082,204.3
466.0,855548,215.9
131.0,855679,208.6
201.0,855880,197.8
500.0,856380,228.1
325.0,856705,218.9
346.0,857051,239.8
221.0,857272,249.5
205.0,857477,257.4
500.0,857977,296.4
329.0,858306,322.4
183.0,858489,294.1
14.0,858503,282.4
14.0,858517,263.7
10.0,858527,214.7
8.0,858535,183.0
9.0,858544,149.3
10.0,858554,128.2
10.0,858564,108.7
10.0,858574,59.7
187.0,858761,45.5
334.0,859095,60.6
500.0,859595,109.2
500.0,860095,157.8
500.0,860595,206.8
500.0,861095,256.0
285.0,861380,283.6
289.0,861669,311.5
467.0,862136,357.2
220.0,862356,378.2
500.0,862856,409.5
453.0,863309,421.4
86.0,863395,380.0
385.0,863780,368.5
500.0,864280,368.5
500.0,864780,368.5
491.0,865271,389.1
227.0,865498,382.9
109.0,865607,347.1
257.0,865864,350.8
158.0,866022,316.6
500.0,866522,321.3
109.0,866631,323.6
500.0,867131,335.1
111.0,867242,296.2
500.0,867742,296.2
303.0,868045,277.4
321.0,868366,286.8
10.0,868376,276.9
8.0,868384,252.0
9.0,868393,237.1
9.0,868402,188.0
10.0,868412,178.1
10.0,868422,129.1
10.0,868432,119.0
36.0,868468,72.6
100.0,868568,52.3
500.0,869068,70.2
277.0,869345,96.9
500.0,869845,146.1
500.0,870345,195.2
500.0,870845,244.3
500.0,871345,293.3
500.0,871845,342.3
389.0,872234,380.2
155.0,872389,392.1
500.0,872889,432.1
202.0,873091,402.3
500.0,873591,424.6
500.0,874091,424.6
500.0,874591,424.6
412.0,875003,415.8
114.0,875117,377.2
140.0,875257,341.2
143.0,875400,316.6
500.0,875900,351.1
321.0,876221,333.2
384.0,876605,351.4
141.0,876746,315.5
500.0,877246,315.5
500.0,877746,315.5
142.0,877888,288.5
472.0,878360,324.3
500.0,878860,360.3
500.0,879360,396.0
117.0,879477,357.7
47.0,879524,330.3
24.0,879548,294.3
9.0,879557,281.1
10.0,879567,232.1
9.0,879576,183.0
9.0,879585,169.7
11.0,879596,123.6
11.0,879607,74.7
50.0,879657,29.7
92.0,879749,27.2
15.0,879764,24.0
12.0,879776,22.8
20.0,879796,23.9
86.0,879882,31.5
121.0,880003,42.7
112.0,880115,53.0
195.0,880310,71.4
328.0,880638,103.1
500.0,881138,148.1
500.0,881638,188.9
500.0,882138,237.4
500.0,882638,286.2
500.0,883138,334.2
500.0,883638,375.6
500.0,884138,413.5
500.0,884638,452.3
500.0,885138,482.8
500.0,885638,500.0
500.0,886138,500.0
500.0,886638,500.0
500.0,887138,500.0
500.0,887638,500.0
500.0,888138,500.0
500.0,888638,500.0
500.0,889138,500.0
500.0,889638,500.0
204.0,889842,470.4
500.0,890342,470.4
86.0,890428,429.0
158.0,890586,394.8
387.0,890973,383.5
126.0,891099,346.1
383.0,891482,334.4
60.0,891542,290.4
29.0,891571,243.3
19.0,891590,195.2
9.0,891599,175.7
11.0,891610,126.8
11.0,891621,119.3
25.0,891646,106.0
87.0,891733,76.0
16.0,891749,65.0
11.0,891760,27.8
8.0,891768,22.6
9.0,891777,20.6
9.0,891786,19.6
9.0,891795,19.6
87.0,891882,27.2
500.0,892382,76.1
500.0,892882,123.6
500.0,893382,164.9
500.0,893882,213.3
500.0,894382,262.2
500.0,894882,311.4
500.0,895382,360.5
500.0,895882,409.6
500.0,896382,458.7
500.0,896882,500.0
500.0,897382,500.0
500.0,897882,500.0
500.0,898382,500.0
500.0,898882,500.0
500.0,899382,500.0
500.0,899882,500.0
500.0,900382,500.0
139.0,900521,463.9
500.0,901021,463.9
500.0,901521,463.9
343.0,901864,448.2
500.0,902364,448.2
164.0,902528,414.6
92.0,902620,373.8
100.0,902720,333.8
187.0,902907,302.5
500.0,903407,302.5
500.0,903907,338.6
46.0,903953,293.2
15.0,903968,244.7
8.0,903976,211.2
10.0,903986,162.2
8.0,903994,146.6
13.0,904007,138.7
126.0,904133,141.3
224.0,904357,145.0
500.0,904857,145.0
500.0,905357,145.0
392.0,905749,179.6
108.0,905857,188.9
500.0,906357,238.1
500.0,906857,287.1
398.0,907255,326.1
500.0,907755,374.8
500.0,908255,412.2
500.0,908755,439.8
500.0,909255,439.8
500.0,909755,439.8
500.0,910255,450.6
263.0,910518,466.1
456.0,910974,461.7
500.0,911474,461.7
344.0,911818,456.3
500.0,912318,456.3
500.0,912818,456.3
462.0,913280,452.5
500.0,913780,452.5
500.0,914280,452.5
500.0,914780,452.5
500.0,915280,476.2
500.0,915780,480.6
500.0,916280,480.6
500.0,916780,496.2
500.0,917280,496.2
500.0,917780,496.2
500.0,918280,500.0
500.0,918780,500.0
500.0,919280,500.0
500.0,919780,500.0
500.0,920280,500.0
500.0,920780,500.0
500.0,921280,500.0
491.0,921771,499.1
8.0,921779,449.9
10.0,921789,400.9
10.0,921799,351.9
9.0,921808,302.8
10.0,921818,253.8
10.0,921828,204.8
10.0,921838,155.8
8.0,921846,106.6
10.0,921856,57.6
37.0,921893,12.2
28.0,921921,14.2
177.0,922098,30.9
173.0,922271,47.2
186.0,922457,64.9
151.0,922608,79.0
158.0,922766,93.8
172.0,922938,110.0
188.0,923126,128.0
176.0,923302,144.6
215.0,923517,162.4
500.0,924017,209.6
500.0,924517,241.9
500.0,925017,274.6
500.0,925517,306.0
500.0,926017,340.9
341.0,926358,359.2
500.0,926858,392.0
390.0,927248,412.2
500.0,927748,444.6
500.0,928248,473.1
500.0,928748,473.1
500.0,929248,473.1
500.0,929748,473.1
500.0,930248,473.1
500.0,930748,473.1
500.0,931248,489.0
500.0,931748,489.0
500.0,932248,500.0
500.0,932748,500.0
500.0,933248,500.0
500.0,933748,500.0
309.0,934057,480.9
500.0,934557,480.9
315.0,934872,462.4
186.0,935058,431.0
500.0,935558,431.0
356.0,935914,416.6
500.0,936414,416.6
500.0,936914,416.6
500.0,937414,416.6
500.0,937914,416.6
500.0,938414,435.7
394.0,938808,425.1
500.0,939308,443.6
149.0,939457,439.9
500.0,939957,439.9
299.0,940256,434.2
500.0,940756,434.2
500.0,941256,434.2
500.0,941756,434.2
500.0,942256,434.2
500.0,942756,434.2
212.0,942968,416.0
278.0,943246,393.8
500.0,943746,428.9
500.0,944246,428.9
500.0,944746,449.0
229.0,944975,421.9
9.0,944984,372.8
9.0,944993,323.7
10.0,945003,274.7
10.0,945013,225.7
10.0,945023,205.5
10.0,945033,178.7
8.0,945041,129.5
11.0,945052,80.6
10.0,945062,31.6
9.0,945071,9.6
9.0,945080,9.6
10.0,945090,9.7
14.0,945104,10.1
15.0,945119,10.6
121.0,945240,21.7
93.0,945333,30.0
143.0,945476,43.5
500.0,945976,92.4
317.0,946293,123.1
192.0,946485,141.4
179.0,946664,158.4
257.0,946921,183.1
500.0,947421,231.7
500.0,947921,280.2
500.0,948421,318.1
500.0,948921,358.8
500.0,949421,394.5
500.0,949921,394.5
500.0,950421,412.8
500.0,950921,443.6
500.0,951421,475.7
500.0,951921,500.0
209.0,952130,470.9
377.0,952507,458.6
112.0,952619,419.8
500.0,953119,419.8
500.0,953619,419.8
434.0,954053,413.2
164.0,954217,379.6
164.0,954381,346.0
171.0,954552,313.1
161.0,954713,279.2
160.0,954873,274.3
202.0,955075,256.8
112.0,955187,256.8
95.0,955282,216.3
106.0,955388,176.9
14.0,955402,134.9
24.0,955426,120.9
17.0,955443,106.2
10.0,955453,90.1
14.0,955467,75.4
10.0,955477,60.4
101.0,955578,50.3
21.0,955599,41.2
99.0,955698,41.6
16.0,955714,32.6
12.0,955726,32.4
12.0,955738,31.2
27.0,955765,32.2
22.0,955787,33.4
22.0,955809,34.2
18.0,955827,35.0
26.0,955853,27.5
67.0,955920,32.1
107.0,956027,32.9
115.0,956142,42.8
168.0,956310,58.4
162.0,956472,73.4
157.0,956629,86.4
201.0,956830,104.3
189.0,957019,121.0
182.0,957201,137.4
149.0,957350,149.7
196.0,957546,162.6
199.0,957745,171.8
368.0,958113,197.1
373.0,958486,217.6
422.0,958908,243.6
210.0,959118,248.9
402.0,959520,269.0
423.0,959943,292.4
205.0,960148,294.7
143.0,960291,294.1
12.0,960303,275.7
11.0,960314,256.9
11.0,960325,221.2
9.0,960334,184.8
10.0,960344,143.6
13.0,960357,123.9
10.0,960367,84.7
8.0,960375,43.2
10.0,960385,23.7
9.0,960394,10.3
10.0,960404,10.1
9.0,960413,9.9
9.0,960422,9.7
9.0,960431,9.7
9.0,960440,9.6
11.0,960451,9.4
10.0,960461,9.4
10.0,960471,9.6
94.0,960565,18.0
124.0,960689,29.5
211.0,960900,49.6
500.0,961400,98.7
500.0,961900,147.8
500.0,962400,196.9
500.0,962900,246.0
500.0,963400,294.9
257.0,963657,319.6
304.0,963961,349.0
254.0,964215,365.0
332.0,964547,385.8
211.0,964758,385.8
305.0,965063,366.3
248.0,965311,341.1
223.0,965534,313.4
264.0,965798,289.8
217.0,966015,261.5
206.0,966221,256.4
341.0,966562,260.1
106.0,966668,245.3
32.0,966700,215.3
10.0,966710,195.2
10.0,966720,165.7
12.0,966732,142.1
12.0,966744,121.0
9.0,966753,95.5
11.0,966764,74.9
9.0,966773,55.2
9.0,966782,22.0
10.0,966792,12.4
9.0,966801,10.1
9.0,966810,10.0
9.0,966819,9.9
10.0,966829,9.7
10.0,966839,9.5
9.0,966848,9.5
9.0,966857,9.3
12.0,966869,9.6
9.0,966878,9.6
8.0,966886,9.4
8.0,966894,9.3
20.0,966914,10.4
95.0,967009,19.0
101.0,967110,28.1
122.0,967232,39.3
215.0,967447,59.9
500.0,967947,109.0
174.0,968121,125.2
187.0,968308,143.0
232.0,968540,165.4
159.0,968699,180.5
235.0,968934,202.0
162.0,969096,208.7
151.0,969247,213.7
124.0,969371,213.9
145.0,969516,206.9
146.0,969662,171.5
139.0,969801,168.0
164.0,969965,165.7
154.0,970119,157.9
102.0,970221,152.2
125.0,970346,141.2
130.0,970476,138.0
142.0,970618,137.1
136.0,970754,138.3
168.0,970922,140.6
57.0,970979,131.7
21.0,971000,119.9
16.0,971016,105.1
9.0,971025,90.6
9.0,971034,81.3
19.0,971053,70.7
32.0,971085,60.9
27.0,971112,49.4
36.0,971148,39.4
91.0,971239,31.7
103.0,971342,36.3
111.0,971453,45.3
357.0,971810,79.4
335.0,972145,112.0
406.0,972551,151.7
500.0,973051,199.8
500.0,973551,246.6
131.0,973682,257.0
172.0,973854,270.6
500.0,974354,311.5
113.0,974467,312.5
118.0,974585,313.2
500.0,975085,327.5
121.0,975206,306.1
146.0,975352,280.1
170.0,975522,247.1
144.0,975666,211.5
161.0,975827,214.5
121.0,975948,209.4
321.0,976269,191.5
97.0,976366,189.9
141.0,976507,192.2
141.0,976648,156.3
126.0,976774,156.8
216.0,976990,163.8
500.0,977490,196.8
500.0,977990,232.4
167.0,978157,233.0
98.0,978255,230.7
97.0,978352,208.3
100.0,978452,208.6
500.0,978952,244.5
500.0,979452,280.4
227.0,979679,290.5
92.0,979771,278.1
106.0,979877,238.7
500.0,980377,238.7
500.0,980877,272.0
500.0,981377,312.2
94.0,981471,311.9
14.0,981485,303.3
13.0,981498,254.6
10.0,981508,205.6
29.0,981537,185.8
97.0,981634,186.3
103.0,981737,186.0
500.0,982237,186.0
500.0,982737,186.0
500.0,983237,186.0
500.0,983737,226.6
500.0,984237,275.2
500.0,984737,323.9
500.0,985237,372.9
500.0,985737,420.0
325.0,986062,442.8
24.0,986086,434.9
16.0,986102,386.5
13.0,986115,337.8
10.0,986125,288.8
9.0,986134,239.7
8.0,986142,190.5
8.0,986150,141.3
11.0,986161,92.4
9.0,986170,43.3
10.0,986180,11.8
31.0,986211,12.5
79.0,986290,18.8
98.0,986388,27.3
105.0,986493,36.8
260.0,986753,61.9
500.0,987253,111.1
500.0,987753,160.3
500.0,988253,209.2
359.0,988612,244.2
500.0,989112,293.2
139.0,989251,304.0
500.0,989751,346.1
327.0,990078,369.0
132.0,990210,371.7
500.0,990710,395.7
500.0,991210,395.7
500.0,991710,395.7
500.0,992210,395.7
500.0,992710,409.8
500.0,993210,409.8
287.0,993497,424.6
500.0,993997,424.6
426.0,994423,434.5
500.0,994923,471.3
500.0,995423,471.3
500.0,995923,471.3
500.0,996423,471.3
298.0,996721,451.1
500.0,997221,451.1
500.0,997721,451.1
236.0,997957,446.0
68.0,998025,402.8
42.0,998067,364.4
9.0,998076,315.3
10.0,998086,266.3
10.0,998096,217.3
9.0,998105,168.2
11.0,998116,139.5
9.0,998125,90.4
12.0,998137,41.6
62.0,998199,24.2
27.0,998226,20.1
125.0,998351,28.4
193.0,998544,46.8
107.0,998651,56.5
138.0,998789,69.3
134.0,998923,81.8
500.0,999423,130.7
500.0,999923,179.8
77.0,1000000,186.3
