Episode_Return,Episode_Return_smooth,env_step
21.4,21.4,40.0
17.2,19.3,62.0
27.4,21.999999999999996,88.0
20.2,21.55,117.0
20.2,21.28,140.0
17.0,20.56666666666667,165.0
24.8,21.17142857142857,198.0
23.2,21.425,224.0
20.0,21.266666666666666,237.0
36.6,22.8,269.0
26.8,23.34,283.0
16.2,23.240000000000002,297.0
24.0,22.9,312.0
16.8,22.560000000000002,330.0
21.2,22.66,342.0
20.2,22.979999999999997,385.0
16.4,22.139999999999997,405.0
29.8,22.800000000000004,418.0
15.2,22.32,434.0
37.2,22.380000000000003,478.0
27.6,22.46,499.0
27.0,23.54,533.0
29.2,24.06,551.0
17.6,24.139999999999997,567.0
21.4,24.16,594.0
24.2,24.560000000000002,650.0
17.8,24.7,660.0
29.8,24.7,672.0
24.6,25.639999999999997,694.0
18.8,23.8,712.0
29.2,23.96,736.0
25.0,23.759999999999998,755.0
24.2,23.259999999999998,805.0
18.6,23.359999999999996,821.0
17.4,22.96,837.0
23.6,22.9,862.0
16.2,22.74,872.0
20.0,21.759999999999998,885.0
22.2,21.52,898.0
14.0,21.04,913.0
13.2,19.44,927.0
23.0,19.240000000000002,939.0
15.2,18.339999999999996,960.0
22.2,18.7,971.0
28.0,19.76,1003.0
20.4,19.439999999999998,1014.0
21.2,19.940000000000005,1044.0
19.6,19.9,1053.0
19.4,19.62,1081.0
17.4,19.96,1097.0
17.4,20.380000000000003,1107.0
18.2,19.9,1119.0
20.6,20.44,1132.0
15.4,19.759999999999998,1154.0
12.6,18.22,1167.0
17.6,17.94,1176.0
25.8,18.400000000000002,1194.0
16.6,18.1,1207.0
15.6,17.720000000000002,1226.0
13.8,17.360000000000003,1239.0
17.2,17.339999999999996,1280.0
17.4,17.26,1294.0
16.8,16.880000000000003,1303.0
17.4,17.080000000000002,1318.0
16.0,17.419999999999998,1332.0
13.2,16.98,1344.0
13.6,15.76,1356.0
14.8,15.580000000000002,1373.0
11.8,15.2,1390.0
17.0,15.52,1406.0
17.6,15.559999999999999,1415.0
19.8,15.8,1425.0
24.0,16.52,1475.0
19.8,16.759999999999998,1496.0
15.0,16.660000000000004,1507.0
16.2,16.96,1532.0
15.2,17.12,1544.0
17.0,17.339999999999996,1568.0
17.4,17.9,1587.0
12.8,17.479999999999997,1602.0
17.6,17.48,1622.0
20.8,17.580000000000002,1631.0
15.8,16.759999999999998,1639.0
23.0,17.080000000000002,1662.0
22.0,17.78,1683.0
25.0,18.660000000000004,1709.0
13.8,18.52,1724.0
15.6,18.380000000000003,1738.0
25.8,19.220000000000002,1752.0
14.8,19.419999999999998,1764.0
14.8,19.14,1784.0
14.0,18.46,1797.0
16.4,18.52,1825.0
15.2,17.74,1837.0
43.4,19.88,1849.0
13.6,18.740000000000002,1866.0
34.8,20.84,1877.0
18.2,21.1,1892.0
21.8,20.7,1931.0
20.4,21.26,1944.0
18.6,21.639999999999997,1982.0
27.8,23.020000000000003,2013.0
15.0,22.880000000000003,2033.0
20.2,23.38,2046.0
17.0,20.740000000000002,2059.0
16.0,20.979999999999997,2074.0
14.0,18.9,2095.0
21.6,19.240000000000002,2148.0
15.8,18.64,2169.0
16.4,18.24,2191.0
35.4,19.919999999999998,2216.0
24.8,19.619999999999997,2230.0
15.0,19.619999999999997,2255.0
15.6,19.16,2271.0
24.2,19.880000000000003,2295.0
23.4,20.619999999999997,2324.0
20.0,21.220000000000002,2360.0
13.6,20.42,2374.0
17.0,20.54,2400.0
14.2,20.32,2414.0
15.8,18.360000000000003,2430.0
32.6,19.14,2460.0
28.6,20.5,2541.0
29.4,21.880000000000003,2570.0
34.6,22.92,2585.0
34.4,24.020000000000003,2595.0
26.2,24.640000000000004,2605.0
38.8,27.160000000000004,2614.0
15.6,27.02,2639.0
15.2,27.120000000000005,2656.0
19.2,27.46,2677.0
17.6,25.959999999999997,2697.0
18.2,24.919999999999998,2724.0
19.4,23.919999999999998,2752.0
16.0,22.060000000000002,2765.0
77.6,26.380000000000003,2776.0
23.0,26.060000000000002,2800.0
24.6,24.639999999999997,2813.0
38.0,26.879999999999995,2827.0
24.2,27.78,2867.0
15.6,27.420000000000005,2888.0
17.0,27.360000000000003,2914.0
31.6,28.7,2993.0
13.8,28.140000000000004,3018.0
28.4,29.379999999999995,3035.0
24.4,24.060000000000002,3051.0
14.6,23.22,3059.0
24.4,23.2,3077.0
19.8,21.38,3099.0
23.0,21.26,3127.0
19.0,21.6,3153.0
53.4,25.24,3242.0
27.0,24.78,3260.0
18.6,25.26,3269.0
20.4,24.46,3286.0
42.8,26.3,3327.0
32.8,28.120000000000005,3350.0
23.2,28.0,3368.0
28.2,28.839999999999996,3404.0
49.4,31.479999999999997,3417.0
65.6,36.14,3455.0
23.8,33.18,3479.0
21.6,32.64,3502.0
32.2,34.00000000000001,3577.0
62.8,38.24,3591.0
20.2,35.980000000000004,3610.0
37.6,36.46,3668.0
38.8,38.019999999999996,3714.0
39.8,39.18,3805.0
26.4,36.88,3829.0
25.0,32.82,3869.0
56.4,36.08,3998.0
26.6,36.58,4014.0
63.8,39.739999999999995,4026.0
24.4,35.9,4040.0
45.8,38.46,4126.0
36.4,38.339999999999996,4156.0
33.0,37.760000000000005,4175.0
33.4,37.12,4196.0
54.2,39.9,4208.0
42.6,41.660000000000004,4260.0
37.6,39.78,4361.0
59.0,43.019999999999996,4380.0
62.4,42.88,4399.0
34.4,43.88,4417.0
38.2,43.120000000000005,4441.0
19.2,41.39999999999999,4465.0
40.4,42.14,4490.0
39.8,42.779999999999994,4507.0
41.6,41.52,4574.0
23.4,39.6,4617.0
38.4,39.68,4644.0
23.6,36.14,4659.0
46.2,34.519999999999996,4727.0
52.4,36.32000000000001,4749.0
33.4,35.84,4763.0
42.8,38.2,4789.0
29.4,37.1,4807.0
66.8,39.8,4837.0
34.4,39.08,4867.0
44.2,41.160000000000004,4898.0
53.6,42.67999999999999,4987.0
42.6,44.58,5032.0
42.8,44.24,5071.0
59.6,44.96,5106.0
40.0,45.61999999999999,5127.0
48.4,46.17999999999999,5204.0
45.8,47.81999999999999,5280.0
59.2,47.059999999999995,5363.0
71.4,50.76,5491.0
91.0,55.44000000000001,5575.0
76.4,57.720000000000006,5593.0
67.2,60.17999999999999,5608.0
63.2,62.220000000000006,5661.0
30.6,59.31999999999999,5693.0
48.4,60.160000000000004,5730.0
37.6,59.08,5757.0
27.8,57.279999999999994,5779.0
40.4,55.4,5842.0
38.0,52.06,5885.0
73.2,50.279999999999994,5939.0
45.4,47.17999999999999,5992.0
30.8,43.54,6012.0
89.2,46.14,6038.0
46.8,47.760000000000005,6061.0
50.2,47.94,6089.0
32.2,47.4,6139.0
67.4,51.36,6318.0
95.4,56.86,6343.0
73.0,60.36,6460.0
70.4,60.08,6554.0
77.0,63.24000000000001,6582.0
89.2,69.08,6729.0
47.2,64.88,6750.0
25.2,62.720000000000006,6773.0
41.4,61.839999999999996,6791.0
46.2,63.239999999999995,6811.0
41.0,60.6,6833.0
124.4,63.5,7096.0
65.0,62.7,7128.0
53.2,60.980000000000004,7241.0
42.8,57.56,7274.0
55.8,54.220000000000006,7336.0
52.4,54.739999999999995,7455.0
65.4,58.760000000000005,7511.0
74.4,62.06,7532.0
31.4,60.58,7548.0
31.0,59.580000000000005,7566.0
55.8,52.71999999999999,7585.0
46.2,50.84,7614.0
58.6,51.38000000000001,7658.0
45.8,51.67999999999999,7759.0
55.2,51.620000000000005,7804.0
66.4,53.02,7887.0
65.2,53.0,7965.0
74.8,53.04,8020.0
51.8,55.08,8077.0
47.2,56.7,8106.0
30.6,54.17999999999999,8139.0
38.8,53.44,8220.0
63.2,53.9,8270.0
72.0,56.519999999999996,8317.0
37.2,54.720000000000006,8361.0
121.0,60.18000000000001,8387.0
73.6,61.02,8477.0
45.2,58.06,8546.0
39.4,56.82000000000001,8581.0
31.2,55.220000000000006,8618.0
49.4,57.1,8700.0
44.6,57.67999999999999,8827.0
57.8,57.14000000000001,9019.0
28.2,52.75999999999999,9044.0
53.2,54.36,9081.0
55.8,47.839999999999996,9108.0
78.6,48.339999999999996,9168.0
70.8,50.9,9195.0
58.0,52.760000000000005,9290.0
58.4,55.48,9385.0
96.8,60.220000000000006,9465.0
88.2,64.58000000000001,9532.0
44.4,63.239999999999995,9612.0
50.6,65.47999999999999,9670.0
48.0,64.96000000000001,9709.0
46.4,64.02000000000001,9792.0
80.4,64.20000000000002,9835.0
61.8,63.3,9904.0
60.2,63.519999999999996,9957.0
158.4,73.52000000000001,10011.0
101.4,73.97999999999999,10052.0
57.2,70.88,10143.0
71.4,73.58,10237.0
33.8,71.9,10270.0
49.8,72.08,10310.0
61.4,73.58,10355.0
62.8,71.82000000000001,10419.0
83.0,73.94,10473.0
108.0,78.72,10524.0
64.8,69.36,10573.0
98.6,69.08,10645.0
27.8,66.14,10694.0
57.4,64.74,10736.0
83.4,69.7,10802.0
74.8,72.2,10839.0
129.4,79.0,10882.0
131.2,85.84,10938.0
77.4,85.28,11047.0
75.6,82.03999999999999,11102.0
87.8,84.34,11238.0
112.8,85.76,11317.0
95.4,92.52,11455.0
88.2,95.6,11505.0
135.2,100.78,11643.0
154.0,108.7,11837.0
151.8,110.93999999999998,11848.0
67.6,104.58,11857.0
59.0,102.74000000000001,11867.0
53.6,100.53999999999999,11887.0
69.0,98.66,11914.0
101.0,97.48,12140.0
122.4,100.17999999999999,12324.0
105.6,101.92,12487.0
54.8,93.88,12573.0
155.6,94.03999999999999,12718.0
104.0,89.26,12740.0
80.6,90.55999999999999,12757.0
87.6,93.42,12775.0
115.2,99.58,12790.0
88.6,101.53999999999999,12806.0
78.8,99.32,12831.0
136.2,100.69999999999999,13014.0
219.6,112.1,13358.0
104.2,117.03999999999999,13385.0
102.2,111.7,13423.0
157.2,117.01999999999998,13645.0
125.2,121.47999999999999,13675.0
87.6,121.48000000000002,13709.0
135.8,123.54,13895.0
189.2,133.6,14336.0
111.2,136.83999999999997,14361.0
145.8,137.8,14373.0
115.0,127.34,14398.0
150.2,131.94,14430.0
129.4,134.66,14494.0
142.0,133.14,14651.0
155.0,136.12,14798.0
109.6,138.32,14912.0
60.2,130.76000000000002,15052.0
79.8,119.82000000000002,15133.0
66.0,115.3,15182.0
167.6,117.47999999999999,15331.0
153.4,121.32000000000001,15477.0
79.6,114.25999999999999,15500.0
83.0,109.62,15519.0
92.0,104.62,15652.0
103.6,99.47999999999999,15769.0
149.0,103.42,15851.0
110.6,108.46,15958.0
139.8,114.46,16097.0
176.6,125.52000000000001,16222.0
238.8,132.64000000000001,16559.0
158.6,133.16000000000003,16739.0
122.6,137.45999999999998,16886.0
143.2,143.48000000000002,16907.0
140.2,148.3,16920.0
90.2,146.95999999999998,16932.0
82.8,140.34,16943.0
24.4,131.72000000000003,16951.0
120.6,129.8,16961.0
52.8,117.42,16975.0
42.0,97.74000000000001,16988.0
47.6,86.64000000000001,17047.0
97.6,84.13999999999999,17165.0
88.6,78.67999999999999,17279.0
77.6,72.42,17383.0
73.0,70.7,17489.0
62.0,68.61999999999999,17591.0
57.0,71.88,17695.0
148.4,74.66000000000001,17800.0
84.0,77.78,17908.0
125.4,86.12,17953.0
112.0,92.55999999999999,18072.0
89.8,91.78,18136.0
155.0,98.42,18253.0
107.0,101.36,18371.0
114.0,105.46,18493.0
124.8,111.74000000000001,18610.0
149.4,120.97999999999999,18727.0
120.8,118.21999999999998,18852.0
102.0,120.02000000000001,18955.0
168.2,124.3,19066.0
120.8,125.18000000000002,19172.0
125.6,128.76,19285.0
124.4,125.7,19398.0
127.2,127.72,19496.0
152.6,131.57999999999998,19611.0
66.0,125.7,19640.0
85.8,119.33999999999999,19663.0
150.8,122.34,19789.0
153.2,127.46,19927.0
172.0,127.83999999999999,20045.0
117.0,127.46,20175.0
135.4,128.44,20318.0
147.4,130.74,20422.0
165.4,134.56,20535.0
166.4,135.94,20665.0
132.2,142.56,20795.0
121.4,146.12000000000003,20913.0
111.0,142.14000000000001,21029.0
137.4,140.56,21140.0
120.2,135.38000000000002,21260.0
191.0,142.78000000000003,21381.0
137.2,142.95999999999998,21484.0
84.0,136.62,21594.0
89.8,129.06,21710.0
105.2,122.93999999999998,21825.0
93.6,119.08,21937.0
98.0,116.74000000000001,22050.0
94.2,115.05999999999999,22166.0
91.6,110.47999999999999,22278.0
72.2,105.67999999999999,22377.0
85.6,95.14,22480.0
119.4,93.35999999999999,22527.0
103.8,95.34,22551.0
127.4,99.1,22642.0
113.2,99.9,22766.0
128.0,103.34,22871.0
142.0,107.74000000000001,23011.0
145.0,112.82000000000001,23160.0
135.4,117.2,23291.0
126.2,122.59999999999998,23407.0
128.4,126.88000000000002,23519.0
151.6,130.1,23655.0
124.0,132.12,23781.0
173.8,136.76,23912.0
182.6,143.7,24051.0
225.2,153.42000000000002,24175.0
206.2,159.84,24311.0
208.0,166.14000000000001,24455.0
136.6,166.26,24587.0
137.6,167.39999999999998,24714.0
85.6,163.12,24850.0
108.6,158.82,24973.0
152.8,161.7,25116.0
147.4,159.06,25255.0
107.4,151.54,25377.0
134.4,142.45999999999998,25532.0
107.4,132.58,25660.0
111.0,122.88,25805.0
136.4,122.85999999999999,25943.0
92.8,118.38,26094.0
84.0,118.22,26228.0
92.8,116.64000000000001,26364.0
145.2,115.88,26525.0
157.4,116.88,26664.0
202.8,126.42,26851.0
178.8,130.85999999999999,27022.0
168.0,136.92000000000002,27210.0
208.6,146.68,27369.0
228.6,155.9,27532.0
249.4,171.56,27689.0
162.0,179.35999999999999,27841.0
121.0,182.18,28006.0
237.4,191.4,28195.0
195.0,195.16,28381.0
187.0,193.57999999999998,28549.0
178.2,193.52,28809.0
174.2,194.14000000000001,29185.0
162.2,189.5,29367.0
58.6,172.5,29387.0
76.2,155.18,29399.0
59.0,144.88,29408.0
157.6,148.54000000000002,29418.0
76.2,132.42,29428.0
56.8,118.6,29440.0
93.8,109.28,29454.0
100.8,101.53999999999999,29472.0
146.0,98.72,29670.0
188.4,101.33999999999999,29836.0
169.4,112.42,29978.0
173.2,122.12,30128.0
126.6,128.88,30274.0
157.0,128.82,30426.0
154.8,136.68,30587.0
162.6,147.26,30727.0
150.6,152.94,30856.0
132.6,156.12,30998.0
211.2,162.64000000000001,31289.0
88.8,152.68,31448.0
90.8,144.82,31583.0
112.6,138.76000000000002,31761.0
110.2,137.11999999999998,31924.0
186.4,140.06,32079.0
212.0,145.78000000000003,32254.0
298.4,159.35999999999996,32634.0
271.2,171.42000000000002,32832.0
244.8,182.64000000000001,33332.0
191.0,180.62,33448.0
275.0,199.24,33948.0
131.2,203.27999999999997,34029.0
132.4,205.26,34178.0
233.0,217.53999999999996,34678.0
203.8,219.28000000000003,34857.0
192.4,217.32000000000002,35180.0
114.8,198.95999999999998,35460.0
135.4,185.38,35818.0
83.8,169.28,35844.0
98.8,160.06,35966.0
87.0,141.26,36021.0
86.2,136.76000000000002,36079.0
136.2,137.14,36203.0
71.0,120.94000000000001,36304.0
126.4,113.2,36433.0
143.2,108.28,36558.0
140.6,110.85999999999999,36648.0
151.2,112.44000000000001,36753.0
148.6,118.92,36821.0
143.8,123.42,36896.0
198.2,134.54000000000002,37158.0
203.8,146.3,37258.0
213.4,154.02,37591.0
243.0,171.21999999999997,38091.0
200.6,178.64000000000001,38302.0
220.8,186.4,38482.0
314.8,203.82,38982.0
254.0,214.1,39253.0
192.0,218.44,39499.0
308.0,234.85999999999999,39821.0
203.0,235.34,40124.0
223.8,237.34,40385.0
206.2,236.62000000000003,40558.0
276.2,239.94,40822.0
256.6,245.54000000000005,41068.0
221.2,245.58,41271.0
197.4,233.84,41536.0
283.0,236.74,42036.0
300.6,247.6,42536.0
273.6,244.16,42678.0
188.6,242.71999999999997,42705.0
174.2,237.76,42723.0
177.4,234.88000000000002,42737.0
179.6,225.22000000000003,42777.0
188.6,218.42,42844.0
213.2,217.62000000000003,43049.0
184.2,216.3,43113.0
205.4,208.54000000000002,43376.0
167.8,195.26,43467.0
224.0,190.3,43841.0
140.4,185.48,43893.0
148.6,182.92000000000002,43929.0
211.4,186.32,43955.0
227.4,191.1,43976.0
174.6,189.7,43991.0
247.4,193.12,44004.0
241.4,198.84,44019.0
248.2,203.12,44030.0
244.0,210.74,44043.0
306.0,218.94,44055.0
300.0,234.9,44069.0
207.2,240.76,44084.0
240.6,243.68,44109.0
207.8,241.71999999999997,44151.0
233.4,247.6,44383.0
202.4,243.1,44516.0
203.0,239.26000000000005,44647.0
204.6,234.9,44761.0
218.2,232.32000000000002,44876.0
157.8,217.50000000000006,44969.0
167.6,204.26000000000002,45066.0
93.2,192.86,45158.0
100.4,178.83999999999997,45238.0
178.2,175.87999999999997,45317.0
122.6,164.79999999999998,45402.0
192.4,163.8,45486.0
176.0,161.1,45557.0
131.6,153.8,45643.0
180.0,149.98,45723.0
167.2,150.92,45805.0
208.8,155.04000000000002,45885.0
219.0,167.62,45954.0
219.8,179.56,46035.0
258.4,187.58,46123.0
276.4,202.95999999999998,46210.0
206.4,204.35999999999999,46310.0
212.8,208.04000000000002,46405.0
311.0,225.98000000000002,46495.0
180.4,226.01999999999998,46588.0
279.8,237.28000000000003,46682.0
205.8,236.97999999999996,46755.0
182.4,233.32000000000002,46829.0
196.0,230.94,46910.0
185.2,223.61999999999998,46986.0
211.8,217.16000000000003,47068.0
187.4,215.26000000000005,47155.0
143.4,208.32000000000002,47243.0
164.0,193.62,47323.0
176.0,193.18,47412.0
279.6,193.16000000000003,47482.0
151.8,187.76,47560.0
132.0,182.71999999999997,47642.0
132.8,176.4,47707.0
278.4,185.72,47787.0
196.0,184.14000000000001,47852.0
156.0,181.00000000000003,47920.0
183.4,185.0,48015.0
177.6,186.35999999999999,48092.0
243.4,193.1,48166.0
216.0,186.74,48242.0
220.4,193.59999999999997,48302.0
191.2,199.51999999999998,48381.0
202.2,206.45999999999998,48447.0
266.6,205.28000000000003,48530.0
216.0,207.28000000000003,48596.0
197.2,211.4,48674.0
280.2,221.08,48748.0
276.4,230.95999999999998,48826.0
267.2,233.34,48896.0
324.2,244.16,48992.0
219.8,244.1,49092.0
200.2,245.0,49169.0
197.2,244.5,49275.0
114.0,229.24,49358.0
122.2,219.85999999999999,49440.0
150.2,215.16,49535.0
182.6,205.4,49648.0
202.8,198.04000000000002,49753.0
221.6,193.48,49914.0
217.2,182.78000000000003,50026.0
237.2,184.51999999999998,50125.0
312.4,195.73999999999998,50625.0
217.8,197.8,50689.0
214.8,207.87999999999997,50747.0
247.4,220.4,50993.0
231.4,228.51999999999998,51070.0
153.8,225.64000000000001,51098.0
152.2,220.57999999999998,51115.0
142.6,212.67999999999998,51125.0
176.6,208.61999999999998,51136.0
178.8,202.78000000000003,51146.0
194.8,191.02000000000004,51157.0
164.6,185.7,51168.0
211.0,185.32,51179.0
188.6,179.44,51197.0
178.0,174.1,51212.0
230.4,181.76000000000002,51232.0
219.0,188.44,51251.0
175.8,191.76,51276.0
269.0,201.0,51366.0
314.6,214.57999999999998,51590.0
304.0,225.5,51768.0
269.4,235.98000000000002,52044.0
329.8,247.85999999999996,52276.0
319.8,260.97999999999996,52502.0
306.0,273.78,52706.0
267.4,277.48,52920.0
200.8,275.65999999999997,53149.0
228.4,280.91999999999996,53336.0
286.2,282.64,53506.0
315.0,282.68,53719.0
280.6,280.34,53884.0
339.4,287.34,54081.0
287.2,283.08000000000004,54250.0
232.4,274.34,54469.0
305.0,274.24,54693.0
343.2,281.82,54934.0
313.8,293.12,55179.0
318.6,302.14,55427.0
295.6,303.08000000000004,55735.0
310.0,302.58000000000004,56068.0
305.0,305.02000000000004,56291.0
291.4,300.21999999999997,56545.0
322.6,303.76,56909.0
244.8,305.0,57223.0
321.2,306.62,57723.0
225.4,294.84000000000003,57736.0
217.6,285.21999999999997,58019.0
274.0,280.76000000000005,58394.0
189.6,270.16,58506.0
288.6,268.02000000000004,58560.0
293.6,266.88,58629.0
253.4,263.08,58694.0
169.6,247.77999999999997,58761.0
241.4,247.44,59237.0
162.0,231.51999999999998,59255.0
216.4,230.61999999999998,59272.0
207.2,229.58,59288.0
213.0,223.47999999999996,59304.0
201.4,224.66,59318.0
167.2,212.51999999999998,59332.0
188.8,202.04000000000002,59345.0
146.0,191.3,59359.0
110.6,185.4,59373.0
156.0,176.85999999999999,59391.0
204.2,181.08,59405.0
169.8,176.42000000000002,59422.0
176.8,173.38,59439.0
147.2,166.8,59462.0
173.6,164.02,59514.0
281.6,175.45999999999998,59770.0
234.2,180.00000000000003,59942.0
239.4,189.34,60108.0
267.0,204.98000000000002,60284.0
264.8,215.86000000000004,60443.0
247.4,220.18,60585.0
214.8,224.68,60732.0
236.4,230.64000000000001,60896.0
285.2,244.44,61034.0
334.0,260.47999999999996,61176.0
287.8,261.1,61333.0
287.4,266.41999999999996,61473.0
308.6,273.34000000000003,61626.0
299.8,276.62,61769.0
369.4,287.08000000000004,61901.0
333.2,295.65999999999997,62035.0
293.0,303.48,62177.0
343.0,314.14,62313.0
302.2,315.84000000000003,62453.0
282.8,310.72,62594.0
310.8,313.02,62737.0
307.0,314.98,62868.0
277.4,311.86,63004.0
318.2,313.7,63144.0
229.0,299.65999999999997,63286.0
215.2,287.86,63437.0
207.6,279.32,63593.0
280.4,273.06000000000006,63740.0
181.2,260.96,63875.0
313.2,264.0,64023.0
304.4,263.36,64174.0
289.0,261.56,64323.0
264.0,260.21999999999997,64478.0
306.6,259.06000000000006,64625.0
334.6,269.62,64807.0
400.0,288.1,65040.0
389.4,306.28000000000003,65217.0
340.0,312.24000000000007,65390.0
284.0,322.52,65594.0
298.2,321.02,65829.0
351.0,325.68,66071.0
262.0,322.98,66109.0
336.6,330.23999999999995,66337.0
197.8,319.36,66350.0
210.8,306.97999999999996,66361.0
221.8,289.15999999999997,66370.0
219.2,272.14,66379.0
181.2,256.26,66390.0
342.6,262.12,66401.0
332.8,265.58000000000004,66412.0
304.4,260.91999999999996,66425.0
283.4,263.06,66437.0
320.2,261.41999999999996,66497.0
264.2,268.06,66697.0
207.6,267.73999999999995,66711.0
246.6,270.21999999999997,66859.0
372.0,285.5,67001.0
264.4,293.82000000000005,67155.0
236.2,283.18,67305.0
253.8,275.28,67454.0
230.6,267.9,67610.0
285.2,268.08000000000004,67756.0
310.4,267.1,67909.0
251.8,265.86,68052.0
367.4,281.84000000000003,68199.0
223.6,279.53999999999996,68346.0
211.2,263.46,68497.0
186.8,255.7,68642.0
203.2,252.4,68787.0
173.4,244.35999999999996,68931.0
192.4,240.53999999999996,69079.0
273.4,239.35999999999999,69230.0
218.4,230.16,69378.0
195.4,224.51999999999998,69520.0
195.6,207.34,69662.0
170.8,202.06,69807.0
145.4,195.48000000000002,69953.0
202.4,197.04000000000002,70108.0
255.4,202.26,70259.0
283.2,213.24,70424.0
281.6,222.16,70578.0
254.4,220.26,70731.0
263.0,224.71999999999997,70883.0
264.8,231.66,71050.0
305.0,242.6,71217.0
266.0,252.11999999999998,71395.0
259.0,263.48,71579.0
274.4,270.68,71782.0
263.4,271.4800000000001,71982.0
223.4,265.5,72193.0
271.2,264.46,72415.0
272.2,266.23999999999995,72653.0
301.0,270.03999999999996,72886.0
285.8,272.14,73145.0
320.2,273.66,73378.0
320.4,279.1,73589.0
357.6,288.96,73817.0
350.4,296.56000000000006,74052.0
356.4,305.86,74287.0
361.0,319.62,74521.0
324.6,324.96,74781.0
369.6,334.7,75086.0
377.2,342.32,75425.0
417.4,355.48,75925.0
290.4,352.5,75939.0
359.6,356.41999999999996,76269.0
341.0,354.76000000000005,76516.0
337.8,353.5,76749.0
370.0,354.86,76954.0
365.2,355.28000000000003,77198.0
267.6,349.58,77451.0
326.6,345.28000000000003,77696.0
281.8,335.74,77935.0
257.0,319.7,78158.0
382.0,328.86,78409.0
297.8,322.67999999999995,78675.0
333.8,321.9599999999999,78939.0
341.0,322.28,79221.0
405.8,325.86,79553.0
396.4,328.97999999999996,79861.0
388.6,341.08000000000004,80148.0
351.2,343.54,80420.0
329.8,348.34000000000003,80711.0
275.8,350.21999999999997,81080.0
283.8,340.4,81477.0
291.6,339.78000000000003,81862.0
240.6,330.46,82268.0
287.6,325.12,82612.0
278.0,312.34,82967.0
360.0,308.7,83275.0
294.4,299.28000000000003,83558.0
249.2,289.08000000000004,83912.0
309.0,287.0,84222.0
356.8,295.1,84517.0
339.0,300.62,84765.0
367.6,308.22,84977.0
340.0,318.15999999999997,85219.0
393.2,328.72,85513.0
421.2,343.04,85937.0
378.8,344.92,86286.0
342.8,349.76,86606.0
419.4,366.78000000000003,86960.0
397.0,375.58000000000004,87236.0
397.6,379.66,87544.0
313.6,377.12,87843.0
362.8,376.64,88229.0
348.0,377.44000000000005,88521.0
322.2,370.34,88824.0
337.0,361.92,89254.0
310.0,355.0400000000001,89600.0
362.4,356.99999999999994,90004.0
340.8,349.14,90471.0
308.6,340.3,90695.0
318.0,332.34000000000003,90708.0
444.6,345.43999999999994,91000.0
456.8,354.84,91500.0
451.2,365.15999999999997,92000.0
293.2,362.26,92154.0
316.8,360.24,92654.0
296.6,358.9,92819.0
310.2,353.67999999999995,92949.0
268.4,346.43999999999994,93061.0
228.2,338.40000000000003,93074.0
297.2,336.32,93085.0
333.8,325.24,93095.0
303.8,309.94,93104.0
325.4,297.36,93113.0
267.6,294.8,93212.0
293.0,292.41999999999996,93385.0
314.6,294.21999999999997,93683.0
331.0,296.30000000000007,93941.0
293.2,298.78000000000003,94191.0
400.6,316.02000000000004,94442.0
364.4,322.74,94659.0
363.0,325.65999999999997,94907.0
328.4,328.12,95132.0
336.6,329.23999999999995,95346.0
313.8,333.86,95536.0
284.2,332.98,95765.0
293.6,330.88000000000005,95972.0
277.8,325.56,96192.0
212.8,317.52,96406.0
244.8,301.94,96615.0
186.0,284.1,96834.0
157.6,263.56,97027.0
266.2,257.34000000000003,97224.0
243.0,247.98000000000002,97448.0
247.0,241.3,97656.0
251.4,238.01999999999998,97851.0
254.8,234.14000000000001,98058.0
294.4,235.8,98248.0
282.4,242.76000000000005,98428.0
331.4,251.42,98622.0
296.2,262.44,98803.0
359.2,282.6,99028.0
319.0,287.88,99225.0
343.6,297.94,99437.0
323.4,305.58,99633.0
249.0,305.34,99810.0
269.6,306.82,99982.0
288.0,306.18,100177.0
268.2,304.76,100395.0
298.8,301.5,100579.0
335.4,305.41999999999996,100798.0
327.2,302.22,101026.0
298.0,300.12,101251.0
253.6,291.12,101472.0
259.0,284.68,101692.0
241.4,283.91999999999996,101905.0
265.8,283.53999999999996,102159.0
255.6,280.3,102392.0
298.0,283.28000000000003,102642.0
242.8,277.68,102887.0
213.8,265.52,103144.0
301.6,262.96,103433.0
306.4,263.8,103688.0
339.4,272.38,103927.0
332.6,279.73999999999995,104170.0
356.8,291.28000000000003,104428.0
359.6,300.66,104717.0
401.0,315.2,104996.0
381.0,323.5,105264.0
416.2,340.84000000000003,105529.0
421.8,361.64,105849.0
379.2,369.4,106163.0
394.6,378.21999999999997,106516.0
465.6,390.84000000000003,107016.0
419.2,399.5,107516.0
382.6,402.08000000000004,108016.0
347.4,400.86,108450.0
346.8,395.43999999999994,108950.0
214.0,378.74,109150.0
256.2,362.74,109164.0
332.4,353.8,109175.0
280.4,343.91999999999996,109185.0
287.2,333.17999999999995,109196.0
323.2,318.94,109207.0
304.0,307.42,109350.0
304.8,299.64,109566.0
315.2,296.41999999999996,109776.0
344.6,296.2,109961.0
305.6,305.35999999999996,110186.0
359.2,315.65999999999997,110402.0
278.0,310.21999999999997,110619.0
279.6,310.14,110848.0
303.4,311.76,111091.0
302.8,309.72,111390.0
328.2,312.14,111626.0
266.0,308.26,111870.0
283.8,305.12,112132.0
287.0,299.36,112375.0
334.8,302.28000000000003,112650.0
350.0,301.36,112891.0
304.6,304.02,113162.0
313.4,307.4,113446.0
261.8,303.24,113710.0
339.8,306.94000000000005,114038.0
354.8,309.6,114430.0
323.8,315.38,114852.0
408.0,327.8,115352.0
320.6,331.15999999999997,115794.0
305.2,328.2,116294.0
345.0,327.7,116782.0
349.0,332.14,117189.0
352.0,336.0,117615.0
317.6,341.58000000000004,118020.0
220.4,329.64,118458.0
220.0,316.15999999999997,118958.0
224.6,306.23999999999995,119458.0
213.0,286.74,119468.0
232.8,277.96,119479.0
288.4,276.28000000000003,119491.0
315.2,273.3,119905.0
233.2,261.71999999999997,120108.0
285.0,255.01999999999998,120321.0
235.6,246.82,120548.0
293.8,254.16,120760.0
338.6,266.02,120996.0
243.2,267.88,121241.0
236.8,270.26,121489.0
245.0,271.48,121717.0
227.6,265.4,121979.0
234.6,257.34000000000003,122241.0
237.6,257.78000000000003,122515.0
233.0,252.58,122754.0
250.0,254.01999999999998,123069.0
258.6,250.5,123421.0
280.4,244.68,123792.0
296.0,249.95999999999998,124170.0
232.0,249.48000000000002,124551.0
236.0,248.58,124913.0
234.8,249.3,125318.0
251.0,250.94,125697.0
286.0,255.78000000000003,126098.0
335.0,265.97999999999996,126504.0
364.2,277.4,127004.0
288.0,280.34000000000003,127504.0
266.4,278.93999999999994,128004.0
289.8,278.32,128504.0
290.0,284.12,129004.0
307.8,291.30000000000007,129504.0
333.0,301.12,130004.0
260.4,302.06,130147.0
258.4,299.3,130319.0
193.8,285.18,130332.0
232.8,272.04,130433.0
285.6,271.8,130769.0
194.8,264.64,130919.0
270.0,262.66,131264.0
186.6,252.32,131470.0
227.8,244.32,131652.0
309.4,241.96000000000004,132071.0
323.6,248.28000000000003,132571.0
360.4,258.48,133071.0
340.2,273.12,133571.0
249.2,274.76,133708.0
256.2,271.82000000000005,133948.0
240.4,276.38,134133.0
212.2,270.6,134341.0
284.2,280.36,134841.0
220.4,279.62,135047.0
287.0,277.38,135498.0
264.4,271.46000000000004,135779.0
322.6,267.68,136101.0
286.0,262.26000000000005,136382.0
230.8,260.41999999999996,136610.0
229.2,257.71999999999997,136856.0
228.2,256.5,137087.0
263.8,261.65999999999997,137363.0
227.2,255.95999999999998,137625.0
203.4,254.26,137880.0
185.6,244.12000000000003,138156.0
188.2,236.5,138435.0
262.6,230.5,138736.0
264.6,228.36000000000004,139027.0
378.2,243.1,139310.0
210.6,241.24,139570.0
272.2,245.64000000000001,139910.0
372.2,256.48,140262.0
300.2,263.78,140591.0
308.0,274.24,140966.0
307.8,286.46,141290.0
370.4,304.67999999999995,141590.0
374.4,315.86,141884.0
288.4,318.24,142187.0
351.4,315.56000000000006,142451.0
357.8,330.28,142730.0
366.2,339.68,143009.0
334.2,335.88,143310.0
313.6,337.21999999999997,143583.0
375.0,343.91999999999996,143896.0
418.4,354.98,144204.0
354.2,353.36,144544.0
312.4,347.16,144914.0
424.8,360.8,145330.0
374.6,363.12,145641.0
412.8,368.62,145937.0
409.6,372.96000000000004,146351.0
432.6,382.8,146804.0
411.6,392.6,147252.0
398.6,394.96000000000004,147620.0
441.2,397.23999999999995,148108.0
425.6,404.38,148608.0
313.0,404.43999999999994,148963.0
323.4,394.3,149463.0
332.8,390.12,149961.0
316.8,380.52000000000004,150461.0
415.6,381.12,150961.0
356.2,373.47999999999996,151374.0
373.4,369.65999999999997,151874.0
283.0,358.1,152374.0
256.8,339.65999999999997,152874.0
258.8,322.98,153374.0
241.8,315.85999999999996,153830.0
316.2,315.14,154330.0
302.6,312.12,154830.0
250.4,305.48,155106.0
233.2,287.23999999999995,155366.0
288.0,280.41999999999996,155866.0
271.8,270.26000000000005,156366.0
272.8,269.24,156866.0
292.2,272.78000000000003,157366.0
353.4,282.24,157866.0
332.0,291.26000000000005,158366.0
359.4,295.58000000000004,158866.0
284.4,293.76,159366.0
318.2,300.54,159866.0
310.2,308.24,160366.0
260.2,305.46,160866.0
300.6,308.34000000000003,161366.0
332.6,314.32,161866.0
329.2,318.02,162366.0
356.4,318.32000000000005,162866.0
365.2,321.64,163366.0
362.8,321.98,163801.0
340.2,327.56,164221.0
368.2,332.56,164721.0
367.0,338.24,165221.0
386.6,350.88,165642.0
379.8,358.8,166124.0
361.2,361.66,166556.0
376.6,366.4,166998.0
322.2,362.97999999999996,167347.0
351.6,361.62,167809.0
453.4,370.68,168309.0
433.8,380.03999999999996,168809.0
478.6,391.08000000000004,169309.0
438.4,398.21999999999997,169809.0
395.8,399.14,170243.0
378.0,398.96000000000004,170618.0
424.2,405.26000000000005,170987.0
318.4,399.44,171341.0
375.2,404.73999999999995,171669.0
363.6,405.93999999999994,171995.0
356.0,396.2,172333.0
334.8,386.30000000000007,172683.0
376.4,376.08,173089.0
367.2,368.96,173424.0
388.2,368.2,173784.0
378.4,368.23999999999995,174140.0
409.8,366.8,174502.0
400.8,375.03999999999996,174858.0
397.0,377.21999999999997,175193.0
375.4,378.40000000000003,175471.0
367.2,379.52,175739.0
418.6,387.9,176003.0
334.0,383.65999999999997,176246.0
307.2,377.66,176499.0
271.8,366.02,176772.0
287.4,356.91999999999996,177016.0
290.0,344.94,177272.0
352.8,340.14,177519.0
412.6,341.7,177756.0
365.0,340.65999999999997,177992.0
348.6,338.8,178291.0
362.4,333.17999999999995,178652.0
339.4,333.72,178938.0
344.2,337.41999999999996,179221.0
332.0,343.43999999999994,179511.0
346.8,349.38,179791.0
311.6,351.54,180062.0
385.0,354.76000000000005,180341.0
255.4,339.03999999999996,180601.0
349.2,337.46000000000004,180863.0
306.2,333.21999999999997,181161.0
322.6,329.24,181526.0
274.6,322.76,181843.0
255.4,313.88,182094.0
306.2,311.3,182360.0
312.4,307.85999999999996,182592.0
289.4,305.64,182867.0
274.6,294.59999999999997,183120.0
315.0,300.56,183485.0
324.8,298.12,183781.0
320.4,299.5400000000001,184107.0
310.2,298.3,184329.0
332.0,304.04,184685.0
355.4,314.04,185184.0
385.6,321.98,185555.0
396.2,330.36,185938.0
276.4,329.06,186306.0
385.0,340.1,186727.0
354.4,344.03999999999996,187110.0
255.0,337.06,187481.0
190.0,324.02,187981.0
293.8,322.38,188431.0
193.2,308.5,188767.0
323.6,305.32,189183.0
322.8,299.04,189656.0
214.4,280.86,189991.0
260.8,279.3,190430.0
265.2,267.32,190878.0
380.2,269.9,191378.0
318.2,276.21999999999997,191878.0
267.8,284.00000000000006,192168.0
319.4,286.56000000000006,192668.0
313.2,298.56,193062.0
321.2,298.32000000000005,193382.0
400.2,306.06,193752.0
384.4,323.06000000000006,194099.0
394.4,336.41999999999996,194433.0
459.2,355.82000000000005,194852.0
398.0,357.6,195178.0
405.6,366.34000000000003,195502.0
391.2,378.67999999999995,195701.0
407.8,387.52,196077.0
375.0,393.7,196577.0
323.2,393.90000000000003,196811.0
430.0,396.88,197311.0
426.8,401.12,197811.0
424.0,404.08000000000004,198311.0
423.8,400.53999999999996,198811.0
436.8,404.41999999999996,199311.0
439.0,407.76,199811.0
418.2,410.46000000000004,200191.0
401.6,409.84,200518.0
422.4,414.58000000000004,200901.0
429.8,425.23999999999995,201348.0
375.0,419.73999999999995,201707.0
335.6,410.62,202087.0
358.0,404.02,202435.0
331.6,394.8,202796.0
322.4,383.36,203134.0
252.0,364.65999999999997,203418.0
270.0,349.84,203769.0
301.2,339.8,204105.0
213.8,318.94,204378.0
230.0,298.9599999999999,204702.0
295.4,291.0,205092.0
284.4,285.88,205374.0
354.6,285.53999999999996,205700.0
311.2,283.5,205987.0
286.6,279.92,206255.0
295.6,284.28000000000003,206645.0
337.6,291.03999999999996,207112.0
333.8,294.3,207465.0
365.8,309.49999999999994,207797.0
325.4,319.04,208135.0
351.6,324.65999999999997,208481.0
298.6,326.08,208847.0
233.4,313.9599999999999,209167.0
226.4,305.48,209434.0
252.0,302.02,209449.0
439.6,316.42,209949.0
386.4,321.3,210449.0
411.2,329.03999999999996,210919.0
364.2,328.88,211303.0
345.0,330.84,211647.0
357.8,331.46000000000004,212015.0
371.8,338.7799999999999,212391.0
365.6,352.00000000000006,212788.0
368.6,366.22,213203.0
389.0,379.91999999999996,213641.0
399.6,375.91999999999996,214141.0
453.6,382.64,214641.0
341.2,375.64,215133.0
303.8,369.6,215551.0
321.2,367.21999999999997,216029.0
288.0,360.24,216394.0
282.6,351.32000000000005,216784.0
310.2,345.78000000000003,217284.0
298.6,338.78,217695.0
271.2,327.0,218135.0
283.4,315.38,218595.0
301.8,300.20000000000005,219095.0
325.8,298.66,219595.0
297.8,298.06,219992.0
337.6,299.70000000000005,220492.0
279.6,298.86,220937.0
312.4,301.84000000000003,221318.0
337.8,304.59999999999997,221673.0
342.8,309.02000000000004,222169.0
319.4,313.84000000000003,222669.0
308.8,316.38,223123.0
300.8,316.28000000000003,223623.0
285.2,312.22,224123.0
392.0,321.64,224623.0
476.4,335.52,225054.0
439.4,351.5,225402.0
437.6,364.02,225902.0
371.8,367.41999999999996,226402.0
355.8,368.71999999999997,226830.0
389.2,375.7,227310.0
382.6,383.08000000000004,227781.0
377.0,390.70000000000005,228152.0
391.6,401.34000000000003,228506.0
418.8,404.02,228859.0
387.4,395.12,229265.0
438.6,395.03999999999996,229764.0
402.0,391.48,230240.0
362.4,390.54,230594.0
303.0,385.26000000000005,230871.0
296.4,375.98,230909.0
360.6,373.78000000000003,231241.0
359.8,372.06000000000006,231531.0
317.8,364.68,231822.0
319.2,354.71999999999997,232121.0
354.6,351.43999999999994,232427.0
369.6,344.53999999999996,232720.0
417.6,346.1,233021.0
414.6,351.32,233315.0
437.6,364.78000000000003,233688.0
411.0,376.24,233989.0
398.8,380.06,234321.0
394.8,383.56000000000006,234657.0
392.4,391.02,234978.0
394.6,398.56,235298.0
396.4,402.74,235642.0
403.4,406.12,236001.0
429.2,407.28000000000003,236501.0
427.4,408.56,236977.0
433.6,408.16,237477.0
423.2,409.38,237919.0
416.8,411.17999999999995,238287.0
404.8,412.18,238662.0
319.8,404.92,239019.0
376.2,403.08,239519.0
282.6,391.7,239901.0
213.6,372.71999999999997,239966.0
327.4,362.53999999999996,240466.0
392.6,359.06000000000006,240835.0
352.4,350.94,241026.0
367.8,345.4,241332.0
437.4,347.46,241832.0
364.4,343.41999999999996,242131.0
328.8,344.32,242470.0
240.0,330.7,242676.0
205.6,323.0,242948.0
160.2,317.65999999999997,243210.0
159.0,300.82000000000005,243442.0
176.0,279.16,243666.0
202.0,264.12,243941.0
158.2,243.16,244260.0
203.0,219.71999999999997,244760.0
221.4,205.42,245260.0
255.6,198.10000000000002,245606.0
363.0,210.4,246106.0
352.4,225.08,246606.0
265.6,235.61999999999998,246952.0
171.8,236.90000000000003,246964.0
168.6,236.16,246978.0
290.8,245.04000000000002,247237.0
315.2,260.73999999999995,247490.0
320.6,272.5,247774.0
308.6,281.21999999999997,248083.0
289.6,284.62,248376.0
314.6,279.78000000000003,248688.0
246.0,269.14000000000004,249020.0
275.6,270.14,249339.0
278.4,280.8,249653.0
343.2,298.26000000000005,250037.0
368.6,306.04,250388.0
340.2,308.53999999999996,250768.0
381.8,314.66,251109.0
396.0,323.4,251458.0
354.0,329.84000000000003,251754.0
362.8,334.65999999999997,252094.0
374.8,347.53999999999996,252406.0
399.0,359.88,252740.0
400.6,372.1,253070.0
394.6,377.24000000000007,253368.0
377.4,378.12,253708.0
355.2,379.62,254018.0
311.0,372.53999999999996,254375.0
288.6,361.8,254657.0
250.6,351.46,254672.0
352.6,350.44,255172.0
364.0,349.36,255658.0
375.4,347.0,256120.0
396.2,346.55999999999995,256565.0
483.4,355.43999999999994,257002.0
469.6,364.66,257370.0
479.6,377.1,257841.0
473.6,393.36,258209.0
486.4,413.14,258641.0
477.6,435.84,259029.0
439.2,444.5,259433.0
366.2,444.71999999999997,259837.0
437.8,450.9599999999999,260267.0
382.2,449.56000000000006,260684.0
441.0,445.32000000000005,261184.0
404.4,438.8,261684.0
363.4,427.18,261980.0
273.2,407.14,262016.0
388.0,397.29999999999995,262441.0
375.4,387.08,262801.0
371.6,380.32,263139.0
398.8,383.58000000000004,263533.0
426.6,382.46000000000004,264033.0
381.4,382.38,264422.0
379.8,376.26000000000005,264804.0
404.0,376.21999999999997,265304.0
415.0,381.38,265710.0
466.4,400.70000000000005,266058.0
409.0,402.8,266440.0
401.2,405.38,266830.0
441.2,412.34000000000003,267259.0
329.0,405.35999999999996,267759.0
394.0,402.1,268216.0
277.8,391.73999999999995,268696.0
336.6,387.41999999999996,269184.0
352.4,382.25999999999993,269684.0
399.0,380.65999999999997,270165.0
386.4,372.65999999999997,270665.0
339.4,365.70000000000005,271165.0
321.2,357.7,271665.0
406.8,354.26000000000005,272165.0
353.0,356.65999999999997,272665.0
384.6,355.72,273165.0
367.6,364.7,273665.0
398.2,370.86,274165.0
397.8,375.4,274665.0
382.8,373.78000000000003,275165.0
339.4,369.08000000000004,275665.0
354.0,370.5400000000001,276165.0
359.6,374.38,276665.0
342.2,367.92,277165.0
301.2,362.74,277665.0
309.6,355.24,278165.0
287.4,347.2200000000001,278665.0
312.2,338.62,279165.0
319.8,330.82000000000005,279665.0
335.4,326.08000000000004,280165.0
346.8,326.82,280665.0
342.0,325.62,281165.0
420.8,331.73999999999995,281665.0
394.2,336.94,282165.0
415.0,348.32,282665.0
446.2,361.97999999999996,283165.0
362.6,369.5,283665.0
326.0,370.88,284165.0
260.6,364.96000000000004,284665.0
261.6,357.58000000000004,285165.0
284.6,351.36,285665.0
313.0,348.46,286165.0
399.2,346.3,286665.0
291.6,336.04,287165.0
313.6,325.90000000000003,287665.0
313.2,312.6,288165.0
324.2,308.75999999999993,288665.0
301.4,306.3,289165.0
394.6,319.7,289641.0
444.4,337.97999999999996,290124.0
434.4,352.96,290570.0
395.8,361.23999999999995,291070.0
409.0,362.21999999999997,291570.0
411.4,374.2,292069.0
396.2,382.46,292533.0
426.8,393.81999999999994,293033.0
393.8,400.78,293533.0
383.4,408.98,294033.0
370.6,406.58000000000004,294508.0
327.4,394.88,294991.0
348.0,386.23999999999995,295491.0
315.2,378.18,295991.0
309.2,368.2,296491.0
374.0,364.46,296984.0
327.6,357.6,297391.0
352.6,350.18,297854.0
324.0,343.2,298354.0
352.2,340.08,298854.0
366.2,339.64000000000004,299354.0
443.4,351.24000000000007,299854.0
431.4,359.58,300354.0
470.8,375.14,300854.0
402.8,384.5,301354.0
461.2,393.21999999999997,301854.0
452.0,405.66,302340.0
386.0,409.0,302738.0
343.8,410.98,302776.0
387.0,414.46000000000004,303204.0
307.8,408.62,303576.0
361.8,400.46000000000004,303952.0
310.2,388.34,304352.0
355.6,376.82,304703.0
291.8,365.72,305025.0
328.8,352.47999999999996,305388.0
285.0,335.78,305743.0
262.2,323.4,306107.0
378.0,326.82,306476.0
382.4,326.36,306822.0
285.2,324.1,307166.0
340.4,321.96,307508.0
369.4,327.88,307881.0
349.0,327.22,308308.0
348.2,332.86,308735.0
347.0,334.67999999999995,309124.0
334.2,339.6,309563.0
345.2,347.9,309944.0
365.6,346.66,310330.0
365.8,345.0,310664.0
380.6,354.53999999999996,311091.0
379.2,358.41999999999996,311573.0
360.4,357.52,311960.0
287.4,351.36,312448.0
400.2,356.56,312939.0
282.4,350.1,313439.0
251.0,341.78000000000003,313939.0
314.2,338.68,314439.0
313.0,333.41999999999996,314908.0
322.0,329.04,315323.0
381.8,329.16,315727.0
394.8,330.71999999999997,316227.0
444.0,339.08000000000004,316727.0
437.6,354.1,317227.0
440.4,358.12,317727.0
429.6,372.84000000000003,318164.0
403.6,388.1,318538.0
424.8,399.15999999999997,318965.0
365.6,404.41999999999996,319278.0
372.0,409.41999999999996,319621.0
311.6,402.4,320019.0
358.0,398.72,320519.0
289.0,383.21999999999997,320774.0
349.6,374.41999999999996,320783.0
372.2,367.6,321131.0
319.8,356.62,321299.0
312.6,347.52,321461.0
315.6,336.6,321630.0
354.6,335.5,321855.0
365.4,334.84000000000003,322174.0
344.2,338.1,322186.0
310.8,333.38,322196.0
258.6,330.34,322206.0
265.4,321.91999999999996,322218.0
285.2,313.21999999999997,322231.0
224.6,303.7,322247.0
362.6,308.7,322743.0
270.8,304.21999999999997,322754.0
234.4,292.2,322763.0
254.0,281.06,322776.0
257.2,272.36,322788.0
267.2,268.0,322803.0
341.4,276.28000000000003,323224.0
430.0,292.74,323724.0
488.0,313.02,324224.0
392.6,329.82000000000005,324724.0
410.2,334.58000000000004,325224.0
436.2,351.12,325724.0
389.8,366.65999999999997,326224.0
350.0,376.26000000000005,326724.0
316.8,382.22,327156.0
356.0,391.1,327656.0
398.0,396.76000000000005,328156.0
402.2,393.98,328656.0
363.8,381.56000000000006,329119.0
370.4,379.34,329506.0
475.0,385.82,329916.0
363.2,378.52,330206.0
349.0,374.44,330482.0
392.0,378.64,330769.0
343.2,381.28000000000003,331035.0
332.6,378.94000000000005,331304.0
340.8,373.21999999999997,331571.0
404.2,373.41999999999996,331796.0
394.2,376.46000000000004,332015.0
377.0,377.12,332228.0
398.8,369.5,332429.0
412.6,374.44000000000005,332632.0
356.0,375.14,332849.0
384.0,374.34000000000003,333103.0
338.8,373.9,333372.0
394.6,380.09999999999997,333596.0
331.4,379.15999999999997,333853.0
389.8,377.72,334160.0
423.6,380.65999999999997,334535.0
343.0,377.26,334750.0
370.6,374.44,335104.0
374.2,370.6,335537.0
374.6,372.46,336037.0
359.0,369.96000000000004,336518.0
245.4,360.62,336913.0
326.4,353.8,337293.0
352.6,355.91999999999996,337546.0
355.6,352.5,338046.0
381.4,348.28000000000003,338546.0
373.0,351.28000000000003,339046.0
367.8,351.0,339546.0
429.2,356.49999999999994,340046.0
371.0,356.14,340546.0
291.0,349.34000000000003,341037.0
315.0,356.3,341492.0
363.2,359.98,341992.0
381.0,362.82,342492.0
377.2,364.98,342992.0
380.4,364.88,343492.0
382.8,365.85999999999996,343992.0
374.0,366.48,344492.0
377.2,361.28000000000003,344992.0
402.6,364.43999999999994,345492.0
338.6,369.19999999999993,345992.0
238.0,361.5,346395.0
316.6,356.84,346776.0
304.2,349.15999999999997,347227.0
364.0,347.84000000000003,347727.0
345.8,344.38,348227.0
345.8,340.68,348727.0
351.0,338.38,349161.0
278.0,328.46,349542.0
244.6,312.65999999999997,349772.0
186.2,297.42,349783.0
258.8,299.5,350283.0
227.4,290.58000000000004,350783.0
342.2,294.38,351283.0
263.6,284.34,351501.0
321.6,281.91999999999996,352001.0
308.2,278.15999999999997,352358.0
233.6,266.42,352714.0
279.4,266.56,353214.0
307.8,272.88,353666.0
301.2,284.38,354166.0
309.8,289.47999999999996,354378.0
314.4,298.18,354688.0
311.6,295.12,354925.0
347.2,303.48,355327.0
376.2,308.93999999999994,355781.0
375.8,315.7,356281.0
403.4,332.68,356781.0
369.4,341.68,357042.0
361.0,347.0,357323.0
387.0,355.58000000000004,357823.0
313.8,355.98,358201.0
303.4,354.88,358701.0
321.6,355.88,359201.0
404.0,361.55999999999995,359701.0
409.4,364.88,360201.0
413.2,368.62,360701.0
403.2,368.6,361201.0
422.4,373.9,361701.0
395.0,377.3,362201.0
370.8,375.68,362701.0
342.0,378.5,363201.0
320.8,380.24000000000007,363701.0
364.0,384.48,364201.0
374.8,381.55999999999995,364701.0
481.0,388.72,365201.0
500.0,397.40000000000003,365701.0
471.4,404.21999999999997,366058.0
395.4,401.52,366072.0
377.0,399.71999999999997,366085.0
327.4,395.38,366098.0
431.4,404.32000000000005,366598.0
388.6,411.1,367003.0
361.8,410.88,367014.0
433.2,416.71999999999997,367399.0
439.6,412.58000000000004,367845.0
374.2,400.0,368239.0
372.4,390.1,368693.0
368.0,387.36,369060.0
336.0,383.26000000000005,369423.0
333.2,383.84,369785.0
333.0,374.0,370117.0
342.6,369.4,370440.0
317.6,364.97999999999996,370823.0
335.8,355.24,371178.0
312.6,342.54,371445.0
293.2,334.43999999999994,371703.0
255.0,322.7,371936.0
255.0,311.4,372133.0
224.2,300.21999999999997,372346.0
138.2,280.72,372539.0
197.4,267.15999999999997,372754.0
241.0,257.0,372935.0
339.4,259.17999999999995,373146.0
445.2,270.12,373372.0
254.0,264.26000000000005,373593.0
340.4,268.97999999999996,374093.0
308.0,274.28,374593.0
489.2,297.7,375093.0
473.2,322.6,375593.0
403.4,349.12,376093.0
387.8,368.16,376557.0
452.6,389.32,377001.0
428.4,398.21999999999997,377315.0
428.2,396.52,377815.0
428.4,413.96000000000004,378315.0
409.6,420.88,378815.0
389.2,429.0,379315.0
430.6,423.14,379815.0
443.0,420.12,380315.0
435.2,423.3,380815.0
414.8,426.0,381283.0
438.0,424.53999999999996,381783.0
389.0,420.6,382081.0
410.0,418.78000000000003,382465.0
399.2,415.86,382895.0
381.0,413.0,383286.0
397.8,413.86,383748.0
410.8,411.87999999999994,384248.0
372.0,404.78000000000003,384726.0
389.8,400.24000000000007,385154.0
354.4,394.2,385360.0
312.4,381.64,385371.0
348.0,377.54,385382.0
442.6,380.8,385882.0
286.0,369.48,386053.0
319.6,363.34000000000003,386246.0
280.2,351.58000000000004,386537.0
268.8,337.38,386743.0
281.4,328.32,386944.0
295.2,318.86,387146.0
326.0,316.02,387460.0
304.8,315.26,387832.0
300.4,310.5,388024.0
274.0,293.64,388201.0
346.4,299.68,388439.0
280.2,295.74,388680.0
194.2,287.14,388904.0
229.8,283.24,389216.0
228.2,277.92,389528.0
195.0,267.9,389802.0
276.0,262.9,390302.0
271.6,259.58000000000004,390671.0
346.4,264.18,391010.0
313.8,268.15999999999997,391510.0
344.6,267.98,391915.0
313.2,271.28000000000003,392321.0
297.0,281.55999999999995,392821.0
240.6,282.64,393122.0
342.6,294.08000000000004,393417.0
331.8,307.76000000000005,393706.0
310.8,311.24,393943.0
341.4,318.21999999999997,394174.0
366.6,320.24,394435.0
348.4,323.7,394719.0
374.2,326.65999999999997,394963.0
403.4,335.68,395350.0
389.4,344.91999999999996,395780.0
391.0,359.96,396156.0
381.0,363.8,396463.0
373.0,367.92,396751.0
393.0,376.14,397087.0
388.8,380.88,397394.0
381.8,382.4,397668.0
377.2,385.28,397910.0
363.2,384.17999999999995,398082.0
388.4,382.67999999999995,398398.0
403.6,384.1,398778.0
430.6,388.06,399278.0
425.4,392.49999999999994,399778.0
347.0,389.9,400068.0
331.2,383.72,400363.0
371.0,381.93999999999994,400681.0
397.2,383.48,401019.0
408.2,386.58000000000004,401423.0
413.4,391.6,401923.0
385.0,391.26000000000005,402239.0
411.2,392.02,402714.0
314.6,380.41999999999996,403214.0
329.6,370.84,403714.0
267.2,362.86,404059.0
299.6,359.7,404300.0
341.0,356.7,404590.0
456.0,362.58000000000004,404878.0
428.6,364.62,405109.0
448.2,368.1,405350.0
426.0,372.2,405651.0
439.0,374.98,405947.0
439.4,387.46,406337.0
413.6,395.85999999999996,406585.0
348.6,404.0,406815.0
332.8,407.32,407144.0
255.0,398.72,407398.0
316.0,384.71999999999997,407627.0
279.6,369.82,407885.0
338.6,358.86,408228.0
345.0,350.76,408571.0
400.6,346.92,409071.0
295.6,332.54,409209.0
415.8,332.75999999999993,409342.0
393.4,337.24,409518.0
391.0,343.06,409954.0
342.6,351.82000000000005,410404.0
284.4,348.65999999999997,410722.0
293.4,350.03999999999996,411166.0
253.8,341.56,411555.0
282.0,335.26,412055.0
275.8,322.78,412555.0
324.6,325.67999999999995,413055.0
228.4,306.94,413502.0
285.6,296.15999999999997,413885.0
318.4,288.9,414262.0
344.8,289.12,414650.0
364.8,297.15999999999997,415150.0
409.2,308.74000000000007,415650.0
385.0,321.86,416039.0
416.0,335.26,416539.0
430.4,350.71999999999997,417039.0
420.2,360.28,417490.0
408.6,378.3,417887.0
356.6,385.4,418387.0
392.2,392.78000000000003,418865.0
405.0,398.8,419354.0
363.6,398.67999999999995,419774.0
357.0,393.4599999999999,420197.0
341.0,389.06000000000006,420651.0
342.4,381.7,421057.0
347.2,373.38,421504.0
327.4,364.1,422004.0
318.2,355.06,422504.0
355.4,354.93999999999994,422987.0
348.6,350.58,423487.0
368.4,346.91999999999996,423987.0
364.0,346.96,424432.0
379.6,349.22,424870.0
306.8,345.8,425249.0
286.6,340.21999999999997,425696.0
258.2,331.32,426149.0
266.6,325.23999999999995,426649.0
222.0,315.62,427149.0
353.6,315.43999999999994,427589.0
353.8,315.96,428089.0
297.2,308.84,428589.0
293.0,301.73999999999995,429029.0
328.0,296.58000000000004,429456.0
273.0,293.19999999999993,429839.0
305.6,295.1,430290.0
318.0,301.08,430701.0
308.8,305.3,431200.0
400.6,323.15999999999997,431700.0
271.2,314.91999999999996,432114.0
238.8,303.41999999999996,432614.0
196.0,293.3,433114.0
179.0,281.9,433587.0
179.8,267.08000000000004,434019.0
329.8,272.76000000000005,434519.0
357.4,277.94,435000.0
320.0,278.14,435500.0
300.4,277.30000000000007,436000.0
289.0,266.14,436500.0
330.2,272.04,437000.0
398.8,288.0400000000001,437500.0
395.6,308.0,438000.0
366.8,326.78000000000003,438500.0
320.0,340.80000000000007,439000.0
408.8,348.7,439500.0
429.2,355.88,440000.0
430.2,366.9,440500.0
430.2,379.88,441000.0
425.0,393.48,441500.0
401.0,400.56,442000.0
397.0,400.38,442500.0
343.8,395.2,443000.0
335.8,392.1,443500.0
315.0,391.6,444000.0
256.0,376.32,444452.0
228.0,356.20000000000005,444952.0
197.0,332.88,445331.0
282.2,318.08000000000004,445648.0
288.4,304.41999999999996,446008.0
308.0,295.12,446368.0
334.6,288.88,446822.0
342.6,288.76,447322.0
252.8,280.46,447664.0
240.4,273.00000000000006,447971.0
279.6,275.36,448243.0
270.2,279.58000000000004,448452.0
255.6,285.43999999999994,448464.0
254.6,282.68,448478.0
305.8,284.41999999999996,448978.0
222.4,275.86,449273.0
224.6,264.86,449467.0
246.8,255.28000000000003,449651.0
280.2,258.02000000000004,449933.0
249.0,258.88,450266.0
344.6,265.38,450766.0
365.4,274.9,451266.0
376.6,287.0,451766.0
340.6,295.6,452055.0
381.2,303.14,452507.0
362.0,317.1,453007.0
379.8,332.62,453507.0
378.4,345.78000000000003,454007.0
438.4,361.59999999999997,454507.0
445.4,381.23999999999995,454955.0
286.4,375.41999999999996,455450.0
333.4,372.22,455784.0
298.4,364.40000000000003,456162.0
235.6,353.9,456662.0
210.2,336.8,457162.0
237.2,324.32,457662.0
278.4,314.18,458162.0
279.4,304.28,458662.0
358.8,296.32,459108.0
304.2,282.2,459393.0
302.6,283.82,459670.0
267.8,277.26,459685.0
234.8,270.9,460085.0
317.2,279.06000000000006,460478.0
297.0,287.74,460843.0
313.0,295.32000000000005,461224.0
349.0,302.38,461566.0
239.0,298.34000000000003,461875.0
239.6,286.42,462232.0
236.8,279.68,462586.0
316.8,281.1,462991.0
261.6,280.48,463326.0
213.8,278.38,463666.0
256.8,272.34000000000003,464065.0
256.6,268.30000000000007,464365.0
345.0,271.50000000000006,464600.0
234.8,260.08,464846.0
272.2,263.4,465183.0
377.2,277.16,465576.0
398.8,293.36,465988.0
342.4,295.92,466325.0
309.6,300.72,466637.0
301.0,309.44,466906.0
287.8,312.54,467137.0
331.4,320.02,467398.0
343.6,319.88,467619.0
321.4,328.53999999999996,467891.0
297.2,331.04,468203.0
288.8,322.2,468499.0
335.2,315.84,468787.0
361.8,317.78000000000003,469061.0
354.2,322.24,469336.0
373.8,329.52000000000004,469575.0
365.0,337.24000000000007,469851.0
438.0,347.9,470219.0
412.8,354.82000000000005,470553.0
388.8,361.56,470905.0
349.0,366.73999999999995,471263.0
422.6,380.12,471660.0
350.2,381.62,472012.0
323.8,377.82000000000005,472312.0
322.0,374.6,472588.0
388.2,376.0400000000001,472879.0
385.0,378.03999999999996,473273.0
446.6,378.9,473773.0
420.8,379.69999999999993,474256.0
380.8,378.9,474625.0
342.8,378.28000000000003,474917.0
334.8,369.5,475151.0
368.6,371.34000000000003,475651.0
332.8,372.24,476050.0
348.4,374.88,476540.0
365.4,372.6,476879.0
307.0,364.8,477221.0
317.0,351.84,477604.0
408.8,350.64,478024.0
321.0,344.66,478398.0
309.4,341.32,478737.0
355.0,343.34000000000003,479048.0
397.0,346.18,479424.0
357.2,348.62,479782.0
284.8,342.26,480121.0
284.0,334.12,480386.0
287.4,332.15999999999997,480705.0
294.6,329.92,481053.0
316.2,320.66,481422.0
387.2,327.28000000000003,481844.0
339.6,330.3,482226.0
345.2,329.32,482592.0
309.2,320.54,482951.0
272.0,312.02000000000004,483318.0
288.8,312.41999999999996,483663.0
362.4,320.26,483973.0
324.2,323.94,484281.0
310.4,325.52,484624.0
346.0,328.5,484911.0
401.0,329.88,485257.0
367.2,332.64,485578.0
341.6,332.28,485910.0
377.4,339.1,486366.0
328.8,344.78000000000003,486646.0
358.6,351.76000000000005,487030.0
356.4,351.15999999999997,487416.0
334.0,352.14,487750.0
324.0,353.5,488166.0
307.6,349.66,488496.0
322.6,341.82,488892.0
396.2,344.71999999999997,489306.0
407.0,351.25999999999993,489660.0
415.0,355.02000000000004,490049.0
408.0,362.94,490413.0
352.2,362.3,490792.0
392.8,365.93999999999994,491177.0
377.8,370.32,491431.0
393.6,377.28,491852.0
364.6,382.97999999999996,492257.0
319.8,382.7,492575.0
337.8,376.85999999999996,492991.0
357.8,371.94000000000005,493438.0
411.2,371.55999999999995,493854.0
393.8,370.14,494220.0
412.4,376.15999999999997,494720.0
392.4,376.12,495073.0
379.0,376.23999999999995,495377.0
377.0,374.58000000000004,495694.0
385.0,376.62,496008.0
402.6,384.9,496336.0
413.6,392.48,496663.0
396.4,396.34,496956.0
300.8,385.3,497271.0
278.8,373.8,497575.0
276.6,360.21999999999997,497877.0
278.4,348.82,498187.0
285.2,339.44000000000005,498523.0
326.2,334.36,498861.0
275.2,323.38,499166.0
296.4,312.76000000000005,499394.0
306.6,302.06000000000006,499699.0
300.8,292.5,500020.0
299.4,292.36,500337.0
239.6,288.44,500665.0
282.8,289.06000000000006,500965.0
299.4,291.15999999999997,501300.0
300.0,292.64,501558.0
315.4,291.55999999999995,501919.0
347.6,298.8,502289.0
309.4,300.1,502640.0
357.6,305.2,502922.0
302.8,305.4,503282.0
314.2,306.88,503604.0
325.6,315.47999999999996,504045.0
265.6,313.76,504353.0
251.8,308.99999999999994,504750.0
277.2,306.72,505044.0
246.8,299.86,505370.0
211.6,286.26,505776.0
254.6,280.78,506110.0
352.2,280.23999999999995,506471.0
322.4,282.2,506874.0
293.8,280.15999999999997,507201.0
291.8,276.78000000000003,507701.0
231.0,273.32,507979.0
367.6,284.9,508479.0
295.6,286.74,508845.0
307.6,292.82,509229.0
357.2,307.38,509729.0
361.0,318.02000000000004,510169.0
311.2,313.91999999999996,510412.0
389.0,320.58000000000004,510912.0
391.0,330.3,511248.0
371.0,338.22,511586.0
311.6,346.28000000000003,511910.0
291.6,338.68,512222.0
218.0,330.92,512524.0
209.0,321.06,512806.0
268.6,312.2,513105.0
285.6,304.65999999999997,513382.0
303.4,303.88,513660.0
323.0,297.28,513952.0
316.0,289.78,514231.0
330.4,285.71999999999997,514525.0
349.6,289.52,514829.0
347.2,295.08000000000004,515130.0
343.0,307.58000000000004,515463.0
445.2,331.2,515725.0
465.4,350.88,516052.0
367.2,359.03999999999996,516412.0
312.0,359.9,516733.0
261.6,353.76,517021.0
365.4,358.7,517339.0
304.0,356.06,517649.0
310.8,352.17999999999995,517968.0
316.0,349.06000000000006,518293.0
314.2,346.18,518595.0
421.6,343.82,518918.0
374.8,334.76,519228.0
422.6,340.3,519621.0
408.2,349.91999999999996,519947.0
421.2,365.88,520283.0
392.6,368.6,520638.0
405.6,378.76,521103.0
385.0,386.18,521402.0
427.0,397.28000000000003,521897.0
325.4,398.4,522258.0
299.6,386.2,522677.0
327.6,381.48,523044.0
315.8,370.8,523446.0
290.6,359.04,523776.0
339.0,350.82000000000005,524133.0
284.8,340.04,524472.0
287.0,328.17999999999995,524843.0
284.4,318.12,525225.0
263.8,301.8,525573.0
205.6,289.82,525898.0
238.2,283.68,526263.0
273.6,278.28,526573.0
237.4,270.44,526607.0
321.2,273.5,526865.0
270.8,266.68,526875.0
252.8,263.47999999999996,526887.0
243.2,259.1,526902.0
301.2,260.78000000000003,527299.0
283.0,262.7,527645.0
314.0,273.54,527983.0
321.6,281.88,528256.0
358.0,290.32,528756.0
279.6,294.53999999999996,529256.0
269.2,289.34,529756.0
370.2,299.28000000000003,530256.0
286.2,302.62,530652.0
261.8,304.48,530971.0
316.0,305.96,531313.0
332.4,310.9,531609.0
358.4,315.34000000000003,531919.0
327.8,315.96000000000004,532247.0
279.4,308.1,532591.0
252.2,305.36,532952.0
310.0,309.44,533320.0
290.4,301.46,533648.0
321.0,304.94,534018.0
303.2,309.08000000000004,534373.0
306.0,308.08,534705.0
275.0,302.34000000000003,535023.0
271.8,293.68,535329.0
254.8,286.38,535587.0
309.2,289.36,535816.0
309.2,295.06,536022.0
343.0,298.36,536249.0
441.6,313.47999999999996,536457.0
390.0,320.38,536673.0
365.8,326.64,536890.0
375.0,333.53999999999996,537147.0
401.4,346.17999999999995,537443.0
431.6,362.16,537753.0
395.8,376.26,538075.0
337.2,379.06,538381.0
369.8,385.12,538744.0
351.6,385.97999999999996,539087.0
391.8,381.0,539513.0
353.0,377.3,539945.0
364.4,377.15999999999997,540370.0
331.8,372.84,540870.0
332.2,365.91999999999996,541370.0
375.6,360.32000000000005,541870.0
391.6,359.9,542370.0
339.6,360.14,542870.0
355.8,358.74,543370.0
403.4,363.91999999999996,543870.0
312.4,355.97999999999996,544370.0
361.8,356.86,544870.0
414.2,361.84,545370.0
277.0,356.36,545870.0
274.2,350.56000000000006,546370.0
271.2,340.12,546870.0
283.2,329.28000000000003,547351.0
279.6,323.28000000000003,547777.0
292.4,316.93999999999994,548103.0
286.4,305.24,548551.0
322.6,306.26,549051.0
290.4,299.12,549551.0
248.4,282.5400000000001,549838.0
333.6,288.2,550239.0
334.6,294.24,550739.0
323.2,299.43999999999994,551239.0
285.2,299.64,551683.0
345.4,306.21999999999997,552182.0
294.2,306.4,552576.0
305.0,308.26,552924.0
360.2,312.02,553369.0
342.8,317.26000000000005,553830.0
360.6,328.48,554245.0
409.0,336.02000000000004,554717.0
413.8,343.94,555217.0
391.0,350.71999999999997,555621.0
421.0,364.3,556097.0
381.4,367.9,556433.0
347.0,373.18,556729.0
411.4,383.82,557131.0
398.0,387.6,557435.0
387.4,392.06000000000006,557659.0
389.0,394.9,558014.0
392.6,393.26,558330.0
428.6,394.74,558726.0
398.6,395.5,559137.0
378.0,391.2,559637.0
339.4,387.0,560137.0
337.6,386.06000000000006,560562.0
328.2,377.73999999999995,560968.0
345.2,372.46000000000004,561468.0
408.6,374.58000000000004,561895.0
362.8,371.96,562321.0
360.2,368.72,562793.0
382.0,364.06,563293.0
372.2,361.42,563737.0
386.0,362.21999999999997,564237.0
344.4,362.72,564737.0
372.6,366.22,565237.0
355.2,368.91999999999996,565674.0
352.2,369.62,566145.0
357.0,364.46000000000004,566627.0
386.2,366.8,567127.0
357.8,366.56000000000006,567429.0
335.6,361.92,567732.0
297.4,354.43999999999994,568007.0
309.8,346.82000000000005,568268.0
263.6,338.73999999999995,568521.0
282.6,329.74,568868.0
295.0,323.71999999999997,569368.0
369.8,325.48,569868.0
318.6,321.64,570368.0
224.4,305.4599999999999,570783.0
325.6,302.23999999999995,571172.0
352.2,303.9,571598.0
332.6,307.41999999999996,572098.0
350.8,311.52,572563.0
275.4,312.7,572988.0
320.6,316.5,573420.0
314.8,318.48,573920.0
352.6,316.76000000000005,574401.0
345.4,319.43999999999994,574859.0
312.8,328.28,575284.0
332.2,328.93999999999994,575741.0
362.8,330.00000000000006,576241.0
411.8,337.91999999999996,576741.0
411.4,343.98,577241.0
359.2,352.36,577741.0
388.4,359.14,578241.0
354.8,363.14,578741.0
379.2,365.8,579241.0
400.8,371.34000000000003,579590.0
367.6,376.82,579913.0
446.6,388.26000000000005,580262.0
432.0,395.18,580605.0
433.0,397.30000000000007,580970.0
467.2,402.88,581306.0
405.4,407.5,581595.0
429.2,411.58000000000004,581910.0
445.2,420.62,582235.0
423.2,425.02,582566.0
383.4,423.28000000000003,582894.0
412.8,427.8,583227.0
442.6,427.4,583515.0
403.6,424.56000000000006,583753.0
431.8,424.43999999999994,584014.0
443.0,422.02,584254.0
336.6,415.14,584545.0
410.6,413.28000000000003,584931.0
403.6,409.12,585180.0
375.2,404.32,585489.0
422.8,408.26000000000005,585908.0
464.4,413.41999999999996,586381.0
410.6,410.21999999999997,586786.0
452.2,415.0799999999999,587154.0
455.4,417.43999999999994,587510.0
431.0,416.24000000000007,587892.0
421.8,424.76000000000005,588243.0
404.8,424.18,588595.0
439.0,427.71999999999997,589019.0
423.2,432.52,589327.0
374.6,427.7,589662.0
367.2,417.98,590041.0
401.8,417.1,590425.0
391.4,411.02,590897.0
394.8,404.96000000000004,591397.0
396.0,401.46,591822.0
363.2,395.6,592144.0
411.0,396.21999999999997,592487.0
459.0,398.21999999999997,592960.0
402.2,396.12,593454.0
436.2,402.28000000000003,593954.0
400.0,405.56000000000006,594374.0
435.4,408.91999999999996,594874.0
401.0,409.88,595254.0
475.0,417.9,595682.0
412.0,419.5,596047.0
429.0,426.0799999999999,596360.0
442.0,429.18,596752.0
420.6,425.34,597121.0
320.4,417.16,597469.0
348.0,408.34,597861.0
401.8,408.52000000000004,598361.0
347.0,399.67999999999995,598813.0
359.0,395.48,599234.0
331.6,381.14,599482.0
379.8,377.91999999999996,599735.0
363.2,371.34000000000003,600168.0
367.4,363.88,600626.0
386.6,360.48,601056.0
383.0,366.73999999999995,601500.0
352.0,367.14000000000004,601872.0
338.4,360.8,602168.0
333.4,359.44,602409.0
375.2,361.05999999999995,602839.0
323.6,360.26000000000005,603257.0
329.0,355.18,603717.0
297.2,348.58,604074.0
307.8,342.62,604424.0
333.8,337.34,604867.0
332.2,332.26000000000005,605216.0
311.4,328.2,605579.0
338.0,328.15999999999997,605944.0
341.0,328.91999999999996,606348.0
364.6,327.86,606681.0
304.0,325.9,606921.0
332.8,326.28000000000003,607354.0
308.2,327.38,607689.0
358.2,332.42,608102.0
330.0,332.03999999999996,608463.0
396.8,338.5,608866.0
336.8,341.03999999999996,609196.0
412.4,348.47999999999996,609546.0
411.2,355.5,609990.0
361.2,355.15999999999997,610204.0
423.8,367.14,610677.0
393.6,373.21999999999997,611177.0
405.0,382.90000000000003,611677.0
427.8,389.86,612177.0
392.0,396.06,612506.0
429.0,399.28,612818.0
420.6,407.65999999999997,613112.0
416.4,408.05999999999995,613535.0
424.8,409.41999999999996,613980.0
462.4,419.53999999999996,614471.0
366.2,413.78000000000003,614951.0
364.2,410.84,615337.0
411.6,411.5,615730.0
346.4,403.36,616230.0
280.2,392.17999999999995,616523.0
322.4,381.52,616951.0
364.0,375.86,617451.0
327.6,366.98,617768.0
444.8,368.9800000000001,618187.0
428.8,365.62,618592.0
291.2,358.12,618914.0
241.4,345.84000000000003,619288.0
278.4,332.52000000000004,619666.0
392.0,337.08000000000004,620082.0
211.0,330.16,620441.0
185.8,316.5,620753.0
262.4,306.34000000000003,621083.0
319.8,305.56000000000006,621411.0
326.0,293.68,621712.0
340.2,284.82,621998.0
382.4,293.94,622347.0
423.6,312.15999999999997,622664.0
408.8,325.2,623039.0
326.8,318.67999999999995,623351.0
402.0,337.78,623771.0
401.8,359.38,624134.0
434.8,376.62,624582.0
377.2,382.36,624926.0
379.0,387.65999999999997,625303.0
375.4,391.17999999999995,625645.0
402.4,393.18,625999.0
373.8,388.2,626358.0
336.4,380.96,626647.0
327.6,381.03999999999996,626994.0
321.8,373.02,627348.0
336.2,366.46000000000004,627803.0
325.2,355.5,628111.0
446.0,362.38,628476.0
338.2,358.3,628780.0
349.0,355.65999999999997,629134.0
400.2,355.44,629462.0
416.0,359.65999999999997,629782.0
408.6,366.88,630059.0
448.2,378.93999999999994,630428.0
407.6,387.52,630754.0
428.2,396.71999999999997,631057.0
405.0,404.7,631323.0
354.8,395.58000000000004,631569.0
394.0,401.15999999999997,631962.0
346.2,400.88,632276.0
358.8,396.74000000000007,632593.0
323.8,387.52,632965.0
322.4,378.90000000000003,633262.0
306.0,364.67999999999995,633536.0
319.8,355.9,633847.0
326.6,345.74,634161.0
396.4,344.88,634465.0
411.6,350.55999999999995,634777.0
349.2,346.08,635044.0
355.8,347.03999999999996,635322.0
368.0,347.96000000000004,635672.0
385.2,354.1,635976.0
350.0,356.86,636241.0
410.0,367.26000000000005,636577.0
417.4,377.02,636887.0
352.6,379.62,637167.0
402.4,380.21999999999997,637471.0
406.2,379.68,637744.0
436.6,388.42,638205.0
413.2,394.15999999999997,638599.0
439.4,401.29999999999995,639087.0
399.6,402.74,639499.0
398.2,407.56000000000006,639904.0
406.4,407.2,640301.0
404.4,405.9,640708.0
424.4,413.08000000000004,641138.0
393.2,412.15999999999997,641551.0
400.4,411.5799999999999,642002.0
337.2,401.64,642414.0
313.8,391.7,642456.0
322.6,380.02,642466.0
304.6,370.52,642476.0
283.8,359.08,642487.0
358.6,354.29999999999995,642883.0
369.0,350.76,643254.0
325.0,340.82000000000005,643285.0
362.4,337.74,643586.0
341.8,331.88,643597.0
323.4,330.5,643607.0
321.8,331.3,643616.0
331.2,332.16,643626.0
264.6,328.16,643637.0
338.2,333.6,643650.0
280.6,325.8,643663.0
285.6,317.46000000000004,643673.0
270.2,311.98,643684.0
330.6,308.8,643697.0
303.8,305.0,643713.0
300.0,302.65999999999997,643764.0
353.2,305.8,644207.0
314.4,304.12,644218.0
154.2,293.08,644228.0
235.6,282.82,644447.0
293.0,284.06,644705.0
272.6,282.76,645006.0
259.0,281.64000000000004,645315.0
229.2,271.5,645633.0
238.2,264.93999999999994,645995.0
287.2,263.66,646372.0
229.0,251.23999999999995,646719.0
378.0,257.6,647099.0
300.0,272.18,647524.0
218.4,270.46000000000004,647976.0
234.8,264.64,648402.0
293.6,266.74,648847.0
248.6,265.7,649329.0
352.4,278.02,649829.0
324.0,286.6,650329.0
271.8,285.06000000000006,650829.0
299.6,292.12,651317.0
334.6,287.78000000000003,651817.0
311.6,288.93999999999994,652317.0
324.6,299.56,652817.0
298.8,305.96,653317.0
336.4,310.23999999999995,653817.0
385.6,323.94,654317.0
351.2,323.82,654794.0
429.2,334.34000000000003,655294.0
402.8,347.44,655794.0
401.2,357.59999999999997,656294.0
375.2,361.66,656777.0
416.6,372.15999999999997,657208.0
358.0,375.5,657625.0
277.2,373.34000000000003,657999.0
278.4,367.54,658402.0
278.0,356.78000000000003,658836.0
337.0,355.36,659254.0
295.8,342.02000000000004,659754.0
332.6,335.00000000000006,660198.0
313.4,326.22,660605.0
335.8,322.28,661105.0
343.6,314.98,661605.0
338.8,313.06,662105.0
326.6,318.0,662560.0
296.4,319.8,663060.0
345.2,326.5199999999999,663560.0
372.8,330.09999999999997,664060.0
344.4,334.9599999999999,664456.0
369.4,338.64,664956.0
314.2,338.72,665456.0
322.4,337.38,665956.0
299.8,333.0,666456.0
266.4,325.76000000000005,666956.0
334.2,326.52000000000004,667456.0
278.6,324.74000000000007,667956.0
268.6,317.08,668456.0
262.8,306.08,668903.0
370.2,308.65999999999997,669391.0
333.0,305.02,669891.0
327.0,306.3,670321.0
307.4,304.8,670767.0
361.2,310.94,671223.0
378.2,322.12,671723.0
448.6,333.56000000000006,672223.0
398.4,345.54,672723.0
438.2,362.50000000000006,673154.0
427.8,379.0,673562.0
358.2,377.79999999999995,673900.0
413.0,385.8,674332.0
391.0,392.2,674782.0
391.0,400.56,675095.0
412.8,405.72,675459.0
363.8,404.28000000000003,675756.0
380.4,397.46,676095.0
344.6,392.08,676399.0
344.6,382.72,676644.0
401.0,380.04,676907.0
387.6,382.98,677189.0
395.6,381.24,677471.0
377.4,379.88,677724.0
389.6,379.73999999999995,677991.0
381.8,376.64,678249.0
355.4,375.8,678519.0
358.4,373.6,678781.0
382.4,377.38,679028.0
397.0,382.62,679280.0
408.6,383.38,679549.0
360.0,380.62,679831.0
422.0,383.26,680107.0
372.0,382.71999999999997,680381.0
450.6,388.82000000000005,680654.0
402.4,390.88,680950.0
398.0,395.14,681214.0
410.0,400.3,681500.0
456.0,407.66,681780.0
382.2,406.18,682106.0
434.0,408.71999999999997,682430.0
439.4,416.66,682707.0
425.2,416.9799999999999,683008.0
403.2,420.1,683300.0
401.6,415.2,683623.0
403.4,415.3,683920.0
364.0,411.9,684224.0
411.8,412.08000000000004,684510.0
330.8,399.56,684823.0
377.8,399.12,685158.0
380.4,393.76000000000005,685466.0
364.0,386.21999999999997,685808.0
251.2,368.82,686130.0
302.6,358.76,686504.0
283.0,346.9,686897.0
258.0,332.36,687199.0
363.4,332.3,687582.0
296.6,320.78000000000003,687873.0
467.6,334.46,688373.0
270.2,323.7,688621.0
295.2,315.18,688990.0
283.8,307.15999999999997,689422.0
268.2,308.86,689774.0
277.0,306.3,690090.0
287.4,306.74,690418.0
301.8,311.12,690741.0
309.6,305.73999999999995,691141.0
382.6,314.34,691522.0
407.4,308.32,691835.0
421.0,323.4,692205.0
353.4,329.22,692528.0
269.2,327.76000000000005,692809.0
399.4,340.88,693181.0
374.2,350.6,693582.0
361.4,358.0,693934.0
445.4,372.36,694434.0
334.8,374.88,694934.0
398.4,376.46000000000004,695434.0
395.8,375.3,695760.0
409.6,374.16,696145.0
391.2,377.94,696529.0
396.4,390.66,696917.0
386.6,389.38000000000005,697304.0
303.8,382.34,697684.0
242.2,370.41999999999996,698134.0
212.2,347.1,698483.0
297.0,343.32,698983.0
369.2,340.4,699483.0
284.8,329.3,699891.0
294.6,317.8,700239.0
408.4,319.52000000000004,700593.0
414.2,321.3,700965.0
382.4,320.88,701465.0
400.2,330.52,701965.0
471.6,353.46,702465.0
484.6,380.7,702888.0
441.4,395.14,703388.0
365.8,394.8,703819.0
346.8,401.0,704319.0
369.2,408.46,704771.0
462.0,413.82000000000005,705271.0
400.2,412.41999999999996,705771.0
285.2,402.69999999999993,706271.0
369.0,399.58000000000004,706771.0
346.8,387.1,707271.0
490.0,387.64,707771.0
443.6,387.86,708215.0
431.0,394.38,708715.0
371.4,396.84000000000003,709055.0
375.4,397.46000000000004,709416.0
400.6,391.32,709903.0
387.0,390.0,710319.0
376.6,399.14,710677.0
383.0,400.53999999999996,711082.0
413.6,407.21999999999997,711582.0
411.4,399.36,712082.0
402.2,395.21999999999997,712582.0
256.4,377.76,712593.0
339.8,374.6,712902.0
304.2,367.48,712912.0
281.6,355.58000000000004,712923.0
262.0,343.08000000000004,712936.0
330.2,338.44,713290.0
308.6,331.0,713790.0
383.2,327.96,714290.0
358.4,322.65999999999997,714790.0
400.2,322.46,715290.0
342.8,331.1,715790.0
307.4,327.86,716290.0
296.0,327.04,716790.0
280.8,326.96,717290.0
296.4,330.4,717676.0
282.6,325.64,718176.0
242.0,318.97999999999996,718553.0
250.8,305.74,718930.0
323.4,302.24,719285.0
378.8,300.1,719606.0
273.2,293.14,719924.0
349.2,297.32,720287.0
341.2,301.84000000000003,720632.0
351.6,308.91999999999996,720941.0
376.0,316.88,721269.0
275.4,316.15999999999997,721567.0
278.2,319.78,721840.0
275.4,322.24,722111.0
245.4,314.44,722400.0
225.0,299.06,722679.0
218.4,293.58,722937.0
289.4,287.6,723237.0
257.8,279.26,723513.0
306.4,274.74,723817.0
248.2,261.96000000000004,724072.0
337.8,268.2,724393.0
275.2,267.9,724680.0
384.0,278.76,725002.0
386.0,292.82,725297.0
283.0,298.62,725634.0
334.2,310.2,725954.0
346.8,315.93999999999994,726256.0
366.2,326.78000000000003,726570.0
347.0,330.84000000000003,726870.0
338.0,339.82,727171.0
340.2,340.06000000000006,727521.0
336.2,346.16,727858.0
336.0,341.36,728161.0
325.6,335.32,728432.0
348.4,341.86,728793.0
343.0,342.73999999999995,729133.0
350.8,343.14,729490.0
375.8,344.1,729825.0
379.4,347.34000000000003,730186.0
348.8,348.41999999999996,730565.0
354.4,349.84000000000003,730899.0
391.6,355.38,731311.0
355.6,357.34000000000003,731630.0
360.2,360.8,732050.0
359.8,361.94,732496.0
377.6,365.4,732978.0
390.8,369.4,733406.0
345.8,366.4,733822.0
368.0,365.26000000000005,734322.0
376.6,368.04,734743.0
416.8,374.28000000000003,735243.0
382.6,373.38,735721.0
322.4,370.06,736221.0
399.4,373.98,736610.0
424.2,380.42,737110.0
428.4,385.5,737610.0
430.4,389.46,738110.0
427.2,397.6,738610.0
410.0,401.80000000000007,739110.0
426.8,406.82000000000005,739610.0
405.4,405.68,740110.0
412.0,408.62,740607.0
408.4,417.21999999999997,741107.0
416.4,418.91999999999996,741542.0
426.4,419.14,742042.0
385.4,414.84,742542.0
385.2,410.32,743042.0
397.0,407.3,743479.0
390.4,405.34000000000003,743907.0
404.8,403.14,744407.0
382.6,400.86,744758.0
386.4,398.3,745111.0
366.4,394.1,745488.0
389.4,391.4,745789.0
345.2,383.28000000000003,746118.0
316.8,376.41999999999996,746497.0
318.4,369.73999999999995,746874.0
241.4,354.17999999999995,747218.0
353.4,350.47999999999996,747622.0
251.4,335.14000000000004,748034.0
228.6,319.74,748306.0
394.6,320.56,748704.0
376.0,321.52,749118.0
398.0,322.38,749572.0
408.4,328.7,750072.0
402.6,337.28000000000003,750472.0
398.2,345.26,750972.0
385.6,359.68,751423.0
407.4,365.08,751903.0
391.8,379.12,752403.0
387.6,395.02000000000004,752872.0
388.0,394.36,753371.0
393.6,396.12,753871.0
379.2,394.24,754371.0
387.8,392.18,754822.0
412.6,393.18,755322.0
402.8,393.64,755667.0
296.4,384.71999999999997,755698.0
461.4,390.12,756198.0
403.6,391.3,756698.0
387.6,391.3,757187.0
370.0,389.5,757674.0
356.6,385.8,758137.0
351.2,383.0,758581.0
345.6,378.78000000000003,758980.0
327.2,370.24,759340.0
390.8,369.04,759681.0
253.8,364.78000000000003,759978.0
283.0,346.94,760270.0
199.8,326.56000000000006,760590.0
202.8,308.08000000000004,760929.0
212.6,292.34000000000003,761302.0
180.4,274.72,761650.0
245.0,264.1,762000.0
280.6,257.6,762296.0
191.8,244.06,762566.0
201.8,225.16,762909.0
198.6,219.64000000000001,763228.0
182.6,209.6,763554.0
194.0,209.01999999999998,763900.0
209.0,209.63999999999996,764163.0
233.8,211.76000000000005,764429.0
222.0,215.92,764700.0
337.4,225.16000000000003,764971.0
331.4,230.24,765228.0
324.4,243.5,765455.0
240.2,247.34,765679.0
266.0,254.07999999999998,765920.0
219.8,257.8,766177.0
207.6,259.16,766403.0
197.0,257.96,766645.0
225.2,257.1,766868.0
312.6,266.15999999999997,767108.0
317.6,264.18,767374.0
312.2,262.26000000000005,767626.0
309.8,260.8,767870.0
349.6,271.73999999999995,768125.0
303.0,275.44,768294.0
233.2,276.78000000000003,768304.0
251.8,281.2,768313.0
269.4,288.44,768325.0
271.6,293.08000000000004,768825.0
167.6,278.58,768835.0
190.2,265.84000000000003,768844.0
192.2,253.83999999999997,768854.0
173.0,240.16,768932.0
238.8,229.07999999999998,769363.0
263.8,225.16,769374.0
275.0,229.33999999999997,769385.0
281.2,232.27999999999997,769395.0
379.0,243.24,769806.0
328.0,248.88000000000002,769818.0
264.6,258.58000000000004,769831.0
304.6,270.02,770002.0
310.8,281.88,770210.0
313.8,295.96,770471.0
300.6,302.14,770745.0
292.2,304.98,771034.0
365.6,314.04,771319.0
349.2,320.84,771559.0
378.4,320.78000000000003,771806.0
326.6,320.64,772034.0
410.6,335.24,772269.0
405.8,345.36,772471.0
406.0,354.88,772694.0
392.2,362.71999999999997,772916.0
386.2,371.28000000000003,773115.0
384.0,380.46,773315.0
400.4,383.93999999999994,773514.0
311.4,380.15999999999997,773706.0
196.4,361.96000000000004,773917.0
202.6,349.56,774138.0
224.4,330.93999999999994,774311.0
165.2,306.88,774493.0
291.0,295.38,774686.0
253.6,281.52,774891.0
221.6,265.06,775097.0
240.4,250.7,775352.0
239.4,234.6,775601.0
230.6,226.52000000000004,775826.0
236.6,230.53999999999996,776066.0
238.2,234.10000000000005,776338.0
215.4,233.2,776625.0
233.0,239.98000000000002,776965.0
196.0,230.47999999999996,777267.0
201.0,225.21999999999997,777551.0
221.8,225.23999999999995,778051.0
265.2,227.71999999999997,778551.0
398.8,243.66,778969.0
336.8,254.28000000000003,779469.0
282.2,258.84,779969.0
301.4,265.15999999999997,780469.0
418.8,285.5,780969.0
342.6,296.46000000000004,781469.0
429.4,319.8,781872.0
357.8,335.48,782372.0
414.8,354.78000000000003,782783.0
302.0,358.46,783283.0
305.6,349.14,783783.0
386.4,354.1,784283.0
389.0,364.78000000000003,784783.0
370.4,371.67999999999995,785283.0
370.2,366.82,785783.0
334.2,365.98,786283.0
305.4,353.58000000000004,786783.0
320.2,349.82,787283.0
298.8,338.21999999999997,787681.0
326.0,340.62,788181.0
312.0,341.26,788681.0
300.2,332.64000000000004,789076.0
310.6,324.8,789416.0
307.0,318.46000000000004,789776.0
250.0,306.44,790046.0
257.0,298.72,790338.0
250.2,293.2,790598.0
169.6,278.14,790613.0
190.2,267.28,790628.0
245.2,259.2,790651.0
327.6,260.76,790960.0
362.4,266.98,791460.0
378.4,273.76000000000005,791920.0
390.6,282.12,792317.0
396.0,296.72,792817.0
335.8,304.6,793181.0
326.8,312.26000000000005,793421.0
398.8,335.18,793828.0
406.8,356.84,794297.0
362.2,368.54,794617.0
360.2,371.8,794869.0
333.8,368.94,795111.0
294.2,360.52,795335.0
306.4,352.1,795527.0
298.6,342.36,795714.0
288.8,337.65999999999997,795936.0
257.2,330.7,796101.0
267.4,317.56,796297.0
251.8,302.06,796476.0
248.8,290.72,796686.0
307.0,285.4,796924.0
292.0,281.21999999999997,797121.0
307.4,282.54,797318.0
287.2,280.62,797506.0
298.0,280.56000000000006,797668.0
300.8,281.76,797796.0
284.4,284.47999999999996,797930.0
309.2,288.65999999999997,798081.0
313.8,294.86,798295.0
342.2,304.2,798661.0
317.8,305.28000000000003,798937.0
319.8,308.06,799196.0
364.8,313.8,799482.0
403.8,325.4599999999999,799859.0
354.8,331.14,800057.0
358.2,336.88,800369.0
363.8,344.82000000000005,800728.0
280.8,341.97999999999996,801043.0
285.8,339.18,801354.0
243.6,329.32000000000005,801662.0
258.4,323.38,802064.0
238.2,315.21999999999997,802564.0
151.4,293.88,802735.0
172.8,270.78000000000003,802867.0
233.8,258.67999999999995,803131.0
212.4,244.1,803270.0
234.6,231.18,803588.0
270.2,230.11999999999998,803947.0
243.2,225.85999999999999,804200.0
295.0,231.0,804700.0
215.8,226.73999999999995,804871.0
190.0,221.92000000000002,804945.0
190.0,225.78000000000003,804998.0
208.8,229.37999999999997,805104.0
196.2,225.62000000000003,805240.0
247.2,229.1,805501.0
291.4,234.77999999999997,805718.0
347.4,242.5,806218.0
265.4,244.72000000000003,806620.0
285.0,243.71999999999997,807120.0
214.4,243.57999999999998,807327.0
257.8,250.35999999999999,807469.0
166.0,247.95999999999998,807582.0
183.0,245.38000000000002,807707.0
147.0,240.45999999999998,807856.0
145.6,230.3,807987.0
253.0,226.45999999999998,808487.0
162.0,207.92,808583.0
208.4,202.21999999999997,808899.0
195.4,193.26000000000005,809119.0
295.8,201.4,809619.0
285.2,204.14,809839.0
297.6,217.3,809971.0
331.2,232.11999999999998,810175.0
368.8,254.3,810299.0
375.0,277.24,810515.0
399.6,291.9,811015.0
385.6,314.26,811515.0
299.4,323.36,811676.0
282.8,332.1,811803.0
280.8,330.6,811866.0
246.2,326.7,811948.0
274.4,324.38,812048.0
245.2,315.78000000000003,812127.0
330.0,311.9,812627.0
293.8,303.78000000000003,812826.0
384.8,302.3,813326.0
349.2,298.65999999999997,813826.0
256.6,294.38,814057.0
347.6,300.85999999999996,814557.0
223.8,295.15999999999997,814632.0
283.4,298.88,814812.0
408.2,312.26000000000005,815312.0
344.4,322.18,815812.0
354.0,324.58000000000004,816170.0
398.6,335.06,816670.0
409.0,337.47999999999996,817170.0
408.4,343.4,817670.0
334.4,351.17999999999995,817875.0
379.0,354.32,818375.0
378.2,369.76,818875.0
359.0,377.32000000000005,819375.0
391.0,375.6,819875.0
400.8,381.23999999999995,820346.0
380.6,383.9,820573.0
472.6,391.29999999999995,821073.0
496.8,400.08,821573.0
491.0,408.34,822073.0
428.6,417.76000000000005,822573.0
408.6,420.7200000000001,823073.0
398.8,422.78000000000003,823573.0
332.8,420.16,824073.0
236.6,404.71999999999997,824304.0
346.8,399.32000000000005,824804.0
334.0,394.65999999999997,824975.0
419.0,389.3,825475.0
413.4,380.9599999999999,825975.0
404.0,372.26000000000005,826475.0
333.6,362.76000000000005,826975.0
326.2,354.52,827475.0
333.4,347.98,827975.0
297.6,344.46000000000004,828475.0
312.6,352.06000000000006,828975.0
294.8,346.86,829475.0
261.4,339.6,829812.0
231.2,320.82000000000005,829993.0
228.8,302.36,830153.0
276.0,289.56,830364.0
331.2,289.32,830864.0
349.2,291.62,831364.0
442.0,302.48,831864.0
392.4,311.96,832364.0
399.0,320.6,832864.0
365.4,327.65999999999997,833364.0
363.4,337.86,833864.0
365.2,351.25999999999993,834295.0
372.4,365.62,834795.0
398.0,377.82000000000005,835295.0
363.8,381.08000000000004,835795.0
383.6,384.52,836295.0
353.8,375.7,836621.0
391.2,375.58000000000004,837121.0
400.6,375.73999999999995,837621.0
422.8,381.48,838121.0
418.2,386.96000000000004,838621.0
412.4,391.68,839121.0
398.6,394.3,839549.0
416.8,396.18,840049.0
490.0,408.8,840549.0
463.0,416.73999999999995,841049.0
495.0,430.86,841549.0
449.0,436.64,842049.0
437.4,440.32,842369.0
436.0,441.64,842757.0
426.0,442.41999999999996,843111.0
411.4,442.32,843459.0
456.2,448.08000000000004,843959.0
421.4,448.53999999999996,844459.0
457.4,445.28000000000003,844959.0
449.8,443.9599999999999,845459.0
456.8,440.14,845959.0
464.8,441.71999999999997,846459.0
471.6,445.14,846959.0
454.2,446.9599999999999,847459.0
457.4,450.1,847959.0
460.2,454.98,848459.0
455.4,454.9,848959.0
458.6,458.62,849459.0
436.2,456.5,849959.0
457.2,457.23999999999995,850459.0
448.8,456.43999999999994,850959.0
437.2,453.68,851459.0
429.4,449.46000000000004,851959.0
445.8,448.62,852459.0
442.8,447.16,852959.0
449.0,446.03999999999996,853459.0
444.4,444.94000000000005,853959.0
434.0,442.48,854459.0
421.8,441.03999999999996,854959.0
417.2,437.03999999999996,855459.0
430.8,435.23999999999995,855959.0
442.8,435.8,856459.0
399.4,432.8,856959.0
417.4,429.96000000000004,857459.0
443.0,429.98,857959.0
428.4,427.91999999999996,858459.0
440.8,427.56000000000006,858959.0
444.2,428.58000000000004,859459.0
393.4,425.73999999999995,859959.0
346.8,418.7,860459.0
389.0,414.52,860959.0
401.8,410.41999999999996,861459.0
390.0,409.47999999999996,861959.0
382.2,405.9599999999999,862459.0
338.2,395.47999999999996,862959.0
402.2,392.86,863459.0
369.8,385.76000000000005,863959.0
381.8,379.52,864459.0
376.6,377.84000000000003,864959.0
391.0,382.26,865459.0
390.4,382.4,865959.0
403.4,382.56000000000006,866459.0
364.2,379.98,866959.0
243.2,366.08000000000004,867002.0
232.8,355.5400000000001,867028.0
255.0,340.82,867040.0
268.4,330.68,867051.0
317.2,324.21999999999997,867062.0
345.8,321.14,867562.0
351.8,317.22,868062.0
358.0,313.97999999999996,868562.0
347.6,308.4,869062.0
359.4,307.91999999999996,869562.0
367.0,320.3,870062.0
366.4,333.66,870562.0
270.6,335.2200000000001,871062.0
280.0,336.38,871562.0
280.2,332.68,872062.0
341.0,332.2,872562.0
389.4,335.96,873062.0
381.4,338.3,873562.0
402.0,343.74,874062.0
355.2,343.32,874562.0
401.8,346.8,875062.0
360.2,346.18,875562.0
401.8,359.3,876062.0
377.4,369.04,876562.0
378.8,378.9,877062.0
423.4,387.14,877562.0
423.6,390.56000000000006,878062.0
389.2,391.34000000000003,878562.0
409.0,392.04,879062.0
359.2,392.44000000000005,879562.0
368.0,389.06,880062.0
397.0,392.74,880562.0
388.8,391.44,881062.0
358.0,389.5,881562.0
350.4,386.65999999999997,882062.0
319.6,376.28,882562.0
327.2,366.64,883062.0
317.0,359.42,883562.0
330.0,351.52,884062.0
308.4,346.44,884562.0
348.2,344.46,885062.0
320.0,336.76000000000005,885562.0
367.0,334.58000000000004,886062.0
309.4,329.72,886074.0
310.4,325.71999999999997,886249.0
250.0,318.76000000000005,886257.0
238.2,309.86,886266.0
257.8,303.93999999999994,886277.0
256.0,296.53999999999996,886290.0
367.0,302.4,886468.0
417.2,309.3,886897.0
409.6,318.25999999999993,887397.0
424.0,323.96000000000004,887897.0
412.4,334.26,888397.0
433.8,346.6,888897.0
443.0,365.9,889397.0
432.8,385.36,889897.0
425.6,402.14000000000004,890397.0
390.8,415.62,890897.0
321.2,411.03999999999996,891397.0
377.2,407.0400000000001,891897.0
349.8,401.06,892397.0
280.2,386.67999999999995,892897.0
294.2,374.86,893397.0
229.8,354.46,893897.0
298.8,340.04,894397.0
303.2,327.08000000000004,894897.0
383.0,322.82,895397.0
431.6,326.9,895897.0
458.8,340.66,896397.0
457.0,348.64000000000004,896897.0
438.0,357.46000000000004,897397.0
453.4,374.78000000000003,897897.0
412.6,386.62,898305.0
322.4,395.88,898559.0
285.6,394.56,898796.0
352.4,399.47999999999996,899296.0
324.4,393.62,899796.0
320.2,382.47999999999996,900159.0
278.0,364.4,900480.0
313.0,350.0,900831.0
370.2,343.21999999999997,901331.0
319.2,329.8,901679.0
356.8,324.21999999999997,901962.0
305.2,322.5,902200.0
344.8,328.41999999999996,902494.0
350.4,328.21999999999997,902742.0
348.6,330.64000000000004,903019.0
348.4,333.46000000000004,903248.0
355.4,341.2,903465.0
340.2,343.91999999999996,903667.0
360.4,342.93999999999994,903892.0
375.8,348.6,904158.0
383.4,351.26,904449.0
408.8,361.62,904784.0
360.6,363.20000000000005,905125.0
367.4,364.90000000000003,905437.0
400.0,370.0400000000001,905767.0
404.6,375.65999999999997,906059.0
349.8,375.1,906337.0
368.2,377.9,906608.0
379.8,379.84000000000003,906892.0
367.4,379.0,907169.0
358.0,376.46000000000004,907429.0
366.4,372.21999999999997,907697.0
390.6,375.21999999999997,908197.0
436.4,382.12,908697.0
412.2,383.34,909197.0
346.8,377.56,909697.0
305.6,373.14,910197.0
352.6,371.58000000000004,910697.0
450.4,378.64,911197.0
447.0,386.6,911697.0
345.8,385.38,912197.0
429.2,391.66,912697.0
301.6,382.76000000000005,913197.0
332.4,372.36,913697.0
306.0,361.73999999999995,914197.0
288.0,355.86,914697.0
348.6,360.15999999999997,915197.0
329.2,357.82,915697.0
295.2,342.30000000000007,916197.0
93.4,306.93999999999994,916211.0
97.2,282.08000000000004,916229.0
272.8,266.44,916729.0
304.4,266.72,917229.0
278.2,261.3,917729.0
347.8,265.48,918229.0
352.0,271.88,918729.0
309.8,268.0,919229.0
371.2,272.2,919729.0
390.4,281.71999999999997,920229.0
369.8,309.36,920729.0
409.8,340.62,921229.0
395.4,352.88,921729.0
413.0,363.73999999999995,922229.0
418.2,377.73999999999995,922729.0
433.4,386.3,923229.0
444.6,395.55999999999995,923729.0
383.2,402.9,924229.0
380.8,403.86,924729.0
347.8,399.6,925229.0
343.6,396.98,925729.0
381.0,394.1,926229.0
325.2,387.08000000000004,926550.0
292.6,375.04,926697.0
258.0,359.02,926709.0
319.4,347.62,926723.0
339.2,337.08,926737.0
333.2,332.08000000000004,926755.0
450.2,339.02,927255.0
415.8,345.82000000000005,927755.0
399.0,351.36,928255.0
401.8,353.43999999999994,928755.0
403.2,361.23999999999995,929255.0
355.0,367.48,929755.0
334.2,375.1,930040.0
357.6,378.91999999999996,930540.0
360.0,381.0,931027.0
291.0,376.78000000000003,931177.0
249.0,356.66,931188.0
187.4,333.82000000000005,931200.0
270.8,321.0,931584.0
283.8,309.2,931817.0
322.2,301.1,932035.0
273.2,292.91999999999996,932230.0
292.8,288.78000000000003,932431.0
317.4,284.76000000000005,932628.0
323.6,281.12,932842.0
402.8,292.3,933049.0
332.4,300.64,933273.0
329.2,314.82,933480.0
343.6,322.1,933764.0
338.2,327.53999999999996,934027.0
338.2,329.14,934339.0
318.6,333.67999999999995,934614.0
346.2,339.02000000000004,934867.0
378.4,345.12,935240.0
361.2,348.88,935528.0
333.8,341.9799999999999,935858.0
324.2,341.15999999999997,936104.0
299.4,338.18,936335.0
295.8,333.4,936639.0
406.8,340.26,937139.0
375.2,343.96,937454.0
381.8,350.28000000000003,937817.0
364.6,352.12,938123.0
376.0,351.88,938517.0
331.6,348.9200000000001,938821.0
364.2,351.96,939198.0
417.8,361.32,939698.0
374.8,368.86,940137.0
354.0,374.68,940503.0
394.4,373.44000000000005,940895.0
419.8,377.9,941395.0
412.4,380.96,941876.0
379.2,382.41999999999996,942376.0
374.6,382.28000000000003,942876.0
429.4,392.06,943376.0
393.0,394.93999999999994,943876.0
340.4,387.2,944303.0
427.4,392.46000000000004,944803.0
437.8,400.84000000000003,945303.0
376.6,399.05999999999995,945767.0
385.4,395.62,946267.0
382.6,392.64,946767.0
396.2,394.34000000000003,947267.0
349.2,391.8,947767.0
350.6,383.9200000000001,948267.0
382.6,382.88,948767.0
368.4,385.67999999999995,949267.0
386.2,381.56,949767.0
350.4,372.82000000000005,950267.0
364.8,371.64000000000004,950767.0
383.4,371.43999999999994,951267.0
401.8,373.36,951767.0
390.6,372.8,952267.0
414.4,379.32,952767.0
402.0,384.46000000000004,953267.0
394.6,385.65999999999997,953767.0
389.8,387.80000000000007,954267.0
418.4,391.02000000000004,954767.0
382.0,394.18,955178.0
362.4,393.94,955479.0
371.6,392.76,955682.0
379.0,390.48,955898.0
401.8,391.6,956244.0
447.6,394.91999999999996,956726.0
443.6,399.08000000000004,957139.0
393.0,398.91999999999996,957444.0
431.4,403.08000000000004,957803.0
409.6,402.20000000000005,958245.0
474.0,411.4,958726.0
459.8,421.14,959126.0
453.2,429.3,959584.0
446.8,436.0799999999999,960012.0
421.8,438.08000000000004,960448.0
387.2,432.03999999999996,960724.0
419.6,429.64000000000004,961224.0
445.6,434.9,961724.0
400.2,431.78000000000003,962224.0
415.6,432.38,962724.0
346.4,419.62,963224.0
365.2,410.15999999999997,963724.0
352.6,400.1,964224.0
359.8,391.4,964724.0
379.2,387.14,965224.0
318.6,380.28000000000003,965724.0
333.4,371.65999999999997,966224.0
358.2,362.92,966724.0
402.4,363.14,967224.0
435.4,365.12,967724.0
349.2,365.4,968224.0
365.4,365.41999999999996,968724.0
302.8,360.44,969224.0
380.25,342.85,969724.0
360.75,344.025,970224.0
311.75,347.875,970523.0
309.5,349.65,970764.0
353.75,352.75,970994.0
358.25,350.77500000000003,971322.0
385.5,347.4,971668.0
317.0,347.95000000000005,972040.0
341.75,348.95000000000005,972540.0
375.75,349.42499999999995,973040.0
289.0,340.3,973540.0
281.5,332.375,974040.0
295.0,330.7,974540.0
299.0,329.65,975040.0
286.75,322.95000000000005,975540.0
270.75,314.20000000000005,976040.0
215.0,297.15000000000003,976357.0
185.75,284.02500000000003,976570.0
180.0,267.85,976782.0
256.5,255.925,977059.0
179.25,244.95000000000002,977323.0
191.5,235.95,977606.0
208.5,227.29999999999998,977960.0
221.5,219.55,978318.0
272.5,218.125,978657.0
284.75,219.525,979033.0
288.0,226.825,979419.0
302.25,238.475,979824.0
330.25,253.5,980324.0
318.75,259.72499999999997,980802.0
334.5,275.25,981302.0
330.25,289.12500000000006,981802.0
330.25,301.3,982268.0
333.5,312.5,982755.0
334.75,318.72499999999997,983255.0
348.75,325.125,983755.0
329.5,329.275,984205.0
332.5,332.29999999999995,984654.0
309.0,330.175,985014.0
319.25,330.22499999999997,985380.0
331.75,329.95,985751.0
266.75,323.6,986090.0
253.0,315.875,986458.0
280.0,310.525,986847.0
328.25,309.875,987344.0
295.25,304.525,987776.0
298.75,301.45,988276.0
366.25,304.825,988611.0
305.5,304.47499999999997,989021.0
352.75,307.82500000000005,989521.0
399.5,314.6,989916.0
326.25,320.55,990375.0
474.5,342.7,990817.0
393.0,354.0,991317.0
390.5,360.225,991790.0
500.0,380.7,992290.0
439.0,394.725,992790.0
437.0,401.79999999999995,993290.0
496.0,420.85,993790.0
469.0,432.47499999999997,994290.0
446.25,437.15,994707.0
335.75,438.1,995133.0
219.25,412.575,995534.0
345.0,407.775,995899.0
338.5,402.57500000000005,996261.0
394.25,392.0,996674.0
422.0,390.3,997059.0
425.0,389.1,997469.0
420.5,381.54999999999995,997895.0
451.25,379.775,998390.0
465.0,381.65000000000003,998853.0
500.0,398.07500000000005,999353.0
376.25,413.775,999853.0
283.0,407.575,1000000.0
318.0,405.4666666666667,
330.3333333333333,399.7,
345.3333333333333,390.8,
339.6666666666667,381.76666666666665,
349.6666666666667,374.8666666666666,
358.6666666666667,367.06666666666666,
379.3333333333333,358.43333333333334,
399.0,348.3333333333333,
447.6666666666667,359.59999999999997,
390.3333333333333,365.8,
337.3333333333333,367.7333333333333,
302.6666666666667,364.9666666666667,
395.0,369.93333333333334,
322.6666666666667,368.23333333333335,
325.6666666666667,365.8333333333333,
280.0,357.9666666666667,
177.0,337.73333333333335,
199.33333333333334,317.76666666666665,
451.6666666666667,318.1666666666667,
441.0,323.2333333333333,
500.0,339.5,
479.6666666666667,357.2,
472.3333333333333,364.93333333333334,
451.6666666666667,377.8333333333333,
465.6666666666667,391.8333333333333,
458.6666666666667,409.7,
457.0,437.7,
432.3333333333333,461.0,
419.3333333333333,457.76666666666665,
434.6666666666667,457.1333333333334,
403.0,447.43333333333334,
422.0,441.6666666666667,
444.0,438.8333333333333,
429.0,436.5666666666666,
437.3333333333333,433.7333333333333,
412.6666666666667,429.1333333333334,
427.0,426.1333333333334,
403.0,423.2,
282.3333333333333,409.5,
284.3333333333333,394.4666666666667,
432.6666666666667,397.43333333333334,
444.0,399.6333333333334,
275.3333333333333,382.76666666666665,
283.6666666666667,368.23333333333335,
214.66666666666666,345.9666666666667,
242.33333333333334,328.93333333333334,
237.66666666666666,310.0,
263.6666666666667,296.06666666666666,
374.6666666666667,305.3,
254.0,302.26666666666665,
232.33333333333334,282.23333333333335,
269.0,264.73333333333335,
295.6666666666667,266.76666666666665,
385.3333333333333,276.93333333333334,
386.6666666666667,294.1333333333333,
383.0,308.2,
376.6666666666667,322.1,
355.6666666666667,331.3,
344.0,328.23333333333335,
385.0,341.3333333333333,
391.0,357.2,
438.6666666666667,374.1666666666667,
445.0,389.09999999999997,
457.6666666666667,396.3333333333333,
473.0,404.9666666666667,
491.3333333333333,415.8,
449.0,423.0333333333333,
387.0,426.1666666666667,
385.6666666666667,430.3333333333333,
479.6666666666667,439.8,
461.6666666666667,446.8666666666666,
467.3333333333333,449.73333333333335,
456.6666666666667,450.8999999999999,
471.6666666666667,452.3,
373.3333333333333,442.3333333333333,
395.3333333333333,432.73333333333335,
390.0,426.8333333333333,
423.3333333333333,430.4666666666667,
413.3333333333333,433.23333333333335,
395.0,424.76666666666665,
400.0,418.59999999999997,
345.0,406.3666666666666,
375.0,398.2,
409.3333333333333,391.9666666666667,
413.3333333333333,395.9666666666667,
355.3333333333333,391.9666666666667,
380.3333333333333,391.0,
379.3333333333333,386.6000000000001,
343.6666666666667,379.6333333333334,
312.6666666666667,371.40000000000003,
384.0,369.8,
343.6666666666667,369.6666666666667,
254.33333333333334,357.59999999999997,
126.66666666666667,329.33333333333337,
310.3333333333333,319.0333333333333,
281.0,311.59999999999997,
338.0,307.3666666666667,
339.3333333333333,303.3666666666667,
440.3333333333333,313.0333333333333,
478.6666666666667,329.6333333333333,
494.0,340.6333333333334,
483.3333333333333,354.59999999999997,
496.6666666666667,378.8333333333333,
500.0,416.1666666666667,
467.0,431.8333333333333,
474.3333333333333,451.1666666666667,
472.6666666666667,464.63333333333327,
452.3333333333333,475.93333333333334,
294.3333333333333,461.3333333333333,
288.0,442.26666666666665,
289.0,421.7666666666667,
295.3333333333333,402.9666666666667,
368.6666666666667,390.1666666666667,
448.0,384.9666666666667,
444.3333333333333,382.7,
453.6666666666667,380.6333333333334,
420.6666666666667,375.4333333333334,
500.0,380.2,
457.6666666666667,396.5333333333333,
428.3333333333333,410.56666666666666,
409.0,422.56666666666666,
442.5,436.65,
481.0,441.5,
476.0,446.9,
500.0,455.25,
468.5,459.05,
453.5,459.8,
460.0,455.79999999999995,
462.5,458.4,
475.0,466.65,
500.0,471.9,
467.5,474.4,
500.0,476.29999999999995,
438.0,472.5,
443.0,466.79999999999995,
249.5,444.9,
370.0,436.54999999999995,
218.5,412.4,
365.0,402.65,
193.0,374.45000000000005,
347.5,359.2,
417.5,354.2,
329.0,337.1,
364.0,289.6,
299.0,280.9,
349.0,311.8,
342.0,315.5,
500.0,364.3,
500.0,368.6,
282.0,362.8,
223.0,353.3,
416.0,361.4,
500.0,377.5,
438.0,384.9,
500.0,405.0,
500.0,420.1,
500.0,435.9,
500.0,435.9,
500.0,435.9,
355.0,443.2,
354.0,456.3,
303.0,445.0,
381.0,433.1,
500.0,439.3,
500.0,439.3,
500.0,439.3,
362.0,425.5,
500.0,425.5,
500.0,425.5,
500.0,440.0,
59.0,410.5,
11.0,381.3,
10.0,344.2,
10.0,295.2,
12.0,246.4,
11.0,197.5,
11.0,162.4,
209.0,133.3,
41.0,87.4,
19.0,39.3,
50.0,38.4,
45.0,41.8,
94.0,50.2,
500.0,99.2,
500.0,148.0,
500.0,196.9,
500.0,245.8,
500.0,274.9,
500.0,320.8,
500.0,368.9,
500.0,413.9,
500.0,459.4,
500.0,500.0,
500.0,500.0,
500.0,500.0,
500.0,500.0,
500.0,500.0,
500.0,500.0,
500.0,500.0,
500.0,500.0,
500.0,500.0,
500.0,500.0,
500.0,500.0,
357.0,485.7,
